0;0;0;0;0;0;0;0;0;0;0;0;0;0;0;0;0;0;0;5;144;480;1807;6562;14350;18183;14690;7363;1862;90;0;0;0;0;0;0;0;0;0;0;0;0;0;0;0;0;0;0;0;20;205;611;1797;6468;14482;18295;14490;7015;1967;183;3;0;0;0;0;0;0;0;0;0;0;0;0;0;0;0;0;0;12;135;463;1115;4088;11918;17889;17257;9322;2846;432;59;0;0;0;0;0;0;agata
0;0;0;0;0;0;0;0;0;0;0;0;0;0;0;0;0;0;0;9;160;503;1888;6637;14241;18066;14555;7339;1996;142;0;0;0;0;0;0;0;0;0;0;0;0;0;0;0;0;0;0;0;20;192;580;1762;6326;14581;18633;14452;6906;1908;171;5;0;0;0;0;0;0;0;0;0;0;0;0;0;0;0;0;0;9;108;493;958;3671;12001;18786;17544;9014;2581;322;49;0;0;0;0;0;0;agata
0;0;0;0;0;0;0;0;0;0;0;0;0;0;0;0;0;0;0;9;160;503;1889;6637;14240;18066;14553;7341;1996;142;0;0;0;0;0;0;0;0;0;0;0;0;0;0;0;0;0;0;0;20;192;580;1762;6325;14582;18632;14453;6906;1908;171;5;0;0;0;0;0;0;0;0;0;0;0;0;0;0;0;0;0;9;108;493;958;3671;12001;18786;17543;9015;2581;322;49;0;0;0;0;0;0;agata
0;0;0;0;0;0;0;0;0;0;0;0;0;0;0;0;0;0;0;0;96;455;1470;5452;12417;17338;15944;9471;2697;194;2;0;0;0;0;0;0;0;0;0;0;0;0;0;0;0;0;0;0;8;185;529;1498;5190;12298;17184;16015;9288;2998;314;29;0;0;0;0;0;0;0;0;0;0;0;0;0;0;0;0;0;3;114;415;927;2989;9652;15874;17848;12252;4538;786;129;9;0;0;0;0;0;agata
0;0;0;0;0;0;0;0;0;0;0;0;0;0;0;0;0;0;0;1;141;426;1588;5534;12281;17108;15795;9462;2914;275;11;0;0;0;0;0;0;0;0;0;0;0;0;0;0;0;0;0;0;3;175;520;1444;5099;12369;17434;15997;9222;2950;294;29;0;0;0;0;0;0;0;0;0;0;0;0;0;0;0;0;0;1;91;444;796;2709;9483;16688;18501;11926;4183;612;95;7;0;0;0;0;0;agata
0;0;0;0;0;0;0;0;0;0;0;0;0;0;0;0;0;0;0;2;90;390;1409;4779;11422;16177;16335;10733;3790;402;7;0;0;0;0;0;0;0;0;0;0;0;0;0;0;0;0;0;0;8;149;459;1413;4569;11661;16535;16337;10187;3705;463;50;0;0;0;0;0;0;0;0;0;0;0;0;0;0;0;0;0;5;86;397;849;2921;8885;15533;17468;12871;5279;1062;164;16;0;0;0;0;0;agata
0;0;0;0;0;0;0;0;0;0;0;0;0;0;0;0;0;0;0;6;96;400;1455;4862;11497;15911;16241;10584;3947;503;34;0;0;0;0;0;0;0;0;0;0;0;0;0;0;0;0;0;0;10;129;466;1323;4506;11629;16852;16374;10188;3547;468;44;0;0;0;0;0;0;0;0;0;0;0;0;0;0;0;0;0;0;77;390;771;2573;9042;15973;18165;12565;5021;826;124;9;0;0;0;0;0;agata
0;0;0;0;0;0;0;0;0;0;0;0;0;0;0;0;0;0;0;3;96;406;1577;5595;12363;17311;15919;9243;2802;217;4;0;0;0;0;0;0;0;0;0;0;0;0;0;0;0;0;0;0;14;174;477;1535;5264;12463;17277;15878;9067;3011;336;40;0;0;0;0;0;0;0;0;0;0;0;0;0;0;0;0;0;9;117;395;970;3239;9825;16127;17642;11810;4479;767;146;10;0;0;0;0;0;agata
0;0;0;0;0;0;0;0;0;0;0;0;0;0;0;0;0;0;0;6;124;406;1654;5690;12216;17157;15751;9262;2942;298;30;0;0;0;0;0;0;0;0;0;0;0;0;0;0;0;0;0;0;10;160;474;1491;5197;12478;17613;15764;9026;2958;334;31;0;0;0;0;0;0;0;0;0;0;0;0;0;0;0;0;0;3;95;404;861;2938;9667;16937;18359;11516;4076;566;102;12;0;0;0;0;0;agata
0;0;0;0;0;0;0;0;0;0;0;0;0;0;0;0;0;0;0;5;124;492;1801;6622;13729;17728;14846;8022;2046;121;0;0;0;0;0;0;0;0;0;0;0;0;0;0;0;0;0;0;0;15;181;563;1656;6119;13554;17726;14983;8101;2367;260;11;0;0;0;0;0;0;0;0;0;0;0;0;0;0;0;0;0;7;120;439;1021;3699;10967;17021;17248;10664;3658;583;104;5;0;0;0;0;0;agata
0;0;0;0;0;0;0;0;0;0;0;0;0;0;0;0;0;0;0;5;129;530;1869;6811;13474;17603;14717;7964;2231;194;9;0;0;0;0;0;0;0;0;0;0;0;0;0;0;0;0;0;0;7;183;520;1646;5989;13622;17971;14973;8037;2335;240;13;0;0;0;0;0;0;0;0;0;0;0;0;0;0;0;0;0;6;108;441;906;3341;11002;17968;17673;10290;3217;496;78;10;0;0;0;0;0;agata
0;0;0;0;0;0;0;0;0;0;0;0;0;0;0;0;0;0;0;0;82;408;1551;5308;12309;16718;16025;9703;3159;267;6;0;0;0;0;0;0;0;0;0;0;0;0;0;0;0;0;0;0;6;141;514;1416;5017;12176;17175;16142;9376;3147;395;31;0;0;0;0;0;0;0;0;0;0;0;0;0;0;0;0;0;4;98;389;890;2997;9602;16016;17609;12247;4640;895;138;11;0;0;0;0;0;agata
0;0;0;0;0;0;0;0;0;0;0;0;0;0;0;0;0;0;0;0;95;427;1601;5445;12248;16525;15954;9507;3339;388;7;0;0;0;0;0;0;0;0;0;0;0;0;0;0;0;0;0;0;3;130;498;1371;4945;12139;17490;16066;9449;3046;368;31;0;0;0;0;0;0;0;0;0;0;0;0;0;0;0;0;0;0;88;401;780;2701;9479;16722;18097;12074;4399;676;108;11;0;0;0;0;0;agata
0;0;0;0;0;0;0;0;0;0;0;0;0;0;0;0;0;0;0;5;97;408;1555;5421;12462;16590;15667;9707;3294;325;5;0;0;0;0;0;0;0;0;0;0;0;0;0;0;0;0;0;0;20;165;508;1523;5299;12506;17116;15679;9190;3098;398;34;0;0;0;0;0;0;0;0;0;0;0;0;0;0;0;0;0;12;104;394;902;3202;9848;16228;17377;11884;4540;888;145;12;0;0;0;0;0;agata
0;0;0;0;0;0;0;0;0;0;0;0;0;0;0;0;0;0;0;6;116;423;1612;5502;12274;16487;15594;9685;3387;429;21;0;0;0;0;0;0;0;0;0;0;0;0;0;0;0;0;0;0;13;159;513;1443;5269;12472;17495;15555;9209;3015;360;33;0;0;0;0;0;0;0;0;0;0;0;0;0;0;0;0;0;9;107;363;823;2851;9858;16888;17883;11669;4274;689;109;13;0;0;0;0;0;agata
0;0;0;0;0;0;0;0;0;0;0;0;0;0;0;0;0;0;0;2;127;435;1483;5471;12432;16616;15564;9778;3328;292;8;0;0;0;0;0;0;0;0;0;0;0;0;0;0;0;0;0;0;16;200;526;1458;5361;12663;17047;15637;9163;3084;341;40;0;0;0;0;0;0;0;0;0;0;0;0;0;0;0;0;0;11;122;403;947;3241;9800;15993;17404;12009;4573;879;138;16;0;0;0;0;0;agata
0;0;0;0;0;0;0;0;0;0;0;0;0;0;0;0;0;0;0;4;146;460;1529;5580;12305;16454;15592;9625;3416;400;25;0;0;0;0;0;0;0;0;0;0;0;0;0;0;0;0;0;0;16;182;505;1409;5310;12743;17270;15515;9189;3005;355;37;0;0;0;0;0;0;0;0;0;0;0;0;0;0;0;0;0;7;121;419;835;2894;9779;16859;17925;11508;4362;697;117;13;0;0;0;0;0;agata
0;0;0;0;0;0;0;0;0;0;0;0;0;0;0;0;0;0;0;11;144;530;1694;6002;12994;16789;14981;9120;2968;299;4;0;0;0;0;0;0;0;0;0;0;0;0;0;0;0;0;0;0;19;220;609;1630;5736;13053;17178;15077;8679;2916;384;35;0;0;0;0;0;0;0;0;0;0;0;0;0;0;0;0;0;13;124;484;1028;3607;10622;16492;17036;11169;4025;801;129;6;0;0;0;0;0;agata
0;0;0;0;0;0;0;0;0;0;0;0;0;0;0;0;0;0;0;16;145;567;1727;6033;12902;16794;14875;8961;3100;405;11;0;0;0;0;0;0;0;0;0;0;0;0;0;0;0;0;0;0;19;205;592;1585;5646;13122;17454;14992;8685;2832;371;33;0;0;0;0;0;0;0;0;0;0;0;0;0;0;0;0;0;10;103;482;964;3263;10693;17294;17368;10856;3779;619;96;9;0;0;0;0;0;agata
0;0;0;0;0;0;0;0;0;0;0;0;0;0;0;0;0;0;0;2;119;472;1604;5395;12457;16820;15421;9421;3411;401;13;0;0;0;0;0;0;0;0;0;0;0;0;0;0;0;0;0;0;10;164;564;1536;5210;12502;17410;15588;8926;3157;425;44;0;0;0;0;0;0;0;0;0;0;0;0;0;0;0;0;0;5;101;431;951;3185;9797;16304;17302;11737;4587;969;154;13;0;0;0;0;0;agata
0;0;0;0;0;0;0;0;0;0;0;0;0;0;0;0;0;0;0;8;130;470;1667;5526;12326;16718;15358;9347;3458;491;37;0;0;0;0;0;0;0;0;0;0;0;0;0;0;0;0;0;0;7;150;577;1469;5136;12565;17632;15588;8855;3076;443;38;0;0;0;0;0;0;0;0;0;0;0;0;0;0;0;0;0;4;85;446;836;2909;9834;16867;17776;11520;4351;780;110;18;0;0;0;0;0;agata
0;0;0;0;0;0;0;0;0;0;0;0;0;0;0;0;0;0;0;3;125;519;2080;6346;13488;17272;15106;8258;2202;135;2;0;0;0;0;0;0;0;0;0;0;0;0;0;0;0;0;0;0;14;186;575;1863;6124;13134;17497;15139;8252;2468;264;20;0;0;0;0;0;0;0;0;0;0;0;0;0;0;0;0;0;6;111;461;1062;3876;10894;16653;17411;10578;3721;642;115;6;0;0;0;0;0;agata
0;0;0;0;0;0;0;0;0;0;0;0;0;0;0;0;0;0;0;3;134;557;2043;6517;13352;17008;15135;8239;2317;213;18;0;0;0;0;0;0;0;0;0;0;0;0;0;0;0;0;0;0;8;173;580;1816;5962;13297;17649;15135;8229;2399;267;21;0;0;0;0;0;0;0;0;0;0;0;0;0;0;0;0;0;5;106;433;970;3586;10807;17400;17905;10303;3423;504;85;9;0;0;0;0;0;agata
0;0;0;0;0;0;0;0;0;0;1;3;38;492;1943;6928;12249;14486;14124;10480;4015;645;113;17;2;0;0;0;0;0;0;0;0;0;0;0;0;0;0;1;5;159;1576;7525;14328;16767;13403;8828;2400;435;93;14;2;0;0;0;0;0;0;0;0;0;0;0;0;0;0;0;75;2526;16096;24583;16380;4710;917;214;32;3;0;0;0;0;0;0;0;0;0;0;0;0;0;0;0;0;0;0;antique
0;0;0;0;0;0;0;0;0;0;0;2;24;373;1713;6717;12574;14930;14660;10318;3505;610;92;15;3;0;0;0;0;0;0;0;0;0;0;0;0;0;0;0;10;184;1638;7459;14355;16853;13281;8825;2415;430;70;12;4;0;0;0;0;0;0;0;0;0;0;0;0;0;0;24;385;4005;15371;22233;16307;5713;1205;222;56;11;4;0;0;0;0;0;0;0;0;0;0;0;0;0;0;0;0;0;antique
0;0;0;0;0;0;0;0;0;0;0;0;0;0;0;1;5;25;168;747;3104;8805;13647;15206;12554;7279;3019;776;159;31;10;0;0;0;0;0;0;0;0;0;0;0;0;1;6;47;275;1740;7199;13612;16771;14103;8034;2846;674;172;43;11;2;0;0;0;0;0;0;0;0;0;0;0;1;11;319;4982;18554;23333;12892;4234;861;267;63;18;1;0;0;0;0;0;0;0;0;0;0;0;0;0;antique
0;0;0;0;0;0;0;0;0;0;0;0;0;0;0;0;1;12;122;655;2755;8683;14113;15476;12763;7139;2866;743;158;39;9;0;0;0;0;0;0;0;0;0;0;0;0;1;5;46;280;1703;7001;13758;16762;14228;7936;2873;732;157;44;8;2;0;0;0;0;0;0;0;0;0;1;0;9;117;992;5994;17059;21205;13709;4890;1150;315;77;16;2;0;0;0;0;0;0;0;0;0;0;0;0;0;antique
0;0;0;0;0;0;0;0;0;0;0;0;0;0;0;0;0;12;64;298;1275;3680;7470;10184;11779;12245;9272;4944;2526;1188;482;0;0;0;0;0;0;0;0;0;0;0;0;0;1;18;119;681;2628;6426;10676;12832;13199;9503;4881;2643;1277;452;180;20;0;0;0;0;0;0;0;0;0;0;0;6;174;1578;7315;15386;16779;12970;5701;3391;1544;514;170;8;0;0;0;0;0;0;0;0;0;0;0;0;antique
0;0;0;0;0;0;0;0;0;0;0;0;0;0;0;0;0;4;37;268;1111;3660;7360;10409;12156;12389;9095;4782;2515;1143;433;0;0;0;0;0;0;0;0;0;0;0;0;0;4;17;124;676;2567;6479;10478;12891;13232;9555;4968;2650;1262;438;184;11;0;0;0;0;0;0;0;0;0;0;7;73;441;2318;7422;13793;16167;13047;6298;3648;1580;560;170;11;1;0;0;0;0;0;0;0;0;0;0;0;antique
0;0;0;0;0;0;0;0;0;0;0;0;0;0;0;0;3;36;221;956;2609;4842;7225;9182;10368;11042;9108;5386;2381;1259;728;0;0;0;0;0;0;0;0;0;0;0;0;0;3;68;336;1690;4322;6959;9585;11254;12232;9576;4952;2331;1214;660;315;39;0;0;0;0;0;0;0;0;0;0;0;22;588;4068;8584;13054;15360;12768;5586;2909;1449;728;388;32;0;0;0;0;0;0;0;0;0;0;0;0;antique
0;0;0;0;0;0;0;0;0;0;0;0;0;0;0;0;1;14;163;854;2592;4928;7085;9193;10660;11375;9068;5151;2314;1197;676;0;0;0;0;0;0;0;0;0;0;0;0;0;3;60;345;1675;4223;6984;9460;11297;12336;9565;5031;2313;1231;669;313;31;0;0;0;0;0;0;0;0;0;0;10;149;1060;4304;8343;12299;14864;12613;5935;3150;1573;805;386;45;0;0;0;0;0;0;0;0;0;0;0;0;antique
0;0;0;0;0;0;0;0;0;0;0;0;0;0;0;1;4;32;145;631;1895;3659;6461;9535;12811;13420;9434;4959;1660;602;240;0;0;0;0;0;0;0;0;0;0;0;0;0;6;58;201;1057;2978;5793;9628;13448;14272;9965;4944;2018;786;277;101;4;0;0;0;0;0;0;0;0;0;0;0;30;276;2107;6997;15086;18134;13381;5411;2606;1052;348;105;3;0;0;0;0;0;0;0;0;0;0;0;0;antique
0;0;0;0;0;0;0;0;0;0;0;0;0;0;0;0;4;20;115;564;1757;3702;6374;9640;13046;13817;9275;4691;1605;617;215;0;0;0;0;0;0;0;0;0;0;0;0;1;6;54;224;1029;2903;5846;9502;13410;14419;9867;5098;2032;777;274;93;1;0;0;0;0;0;0;0;0;0;1;9;100;587;2626;7184;13926;17311;13331;5985;2896;1085;375;116;4;0;0;0;0;0;0;0;0;0;0;0;0;antique
0;0;0;0;0;0;0;0;0;0;0;0;0;0;0;0;9;39;190;823;2229;4658;7451;9850;10794;10983;8832;5281;2388;1196;668;0;0;0;0;0;0;0;0;0;0;0;0;0;8;57;262;1315;3549;6679;9949;11717;12535;9659;5107;2396;1204;722;309;66;2;0;0;0;0;0;0;0;0;0;0;16;463;2947;7891;13208;15740;13008;6065;3114;1660;866;463;95;0;0;0;0;0;0;0;0;0;0;0;0;antique
0;0;0;0;0;0;0;0;0;0;0;0;0;0;0;0;0;19;162;773;2158;4647;7476;9953;10959;11228;8740;5106;2325;1171;603;0;0;0;0;0;0;0;0;0;0;0;0;0;4;53;284;1308;3485;6762;9813;11714;12524;9722;5188;2368;1208;735;320;48;0;0;0;0;0;0;0;0;0;0;13;118;848;3311;7864;12221;15172;12914;6439;3412;1682;980;465;90;7;0;0;0;0;0;0;0;0;0;0;0;antique
0;0;0;0;0;0;0;0;0;0;0;0;0;0;0;0;2;18;131;747;2536;6854;11183;13488;12991;9809;5155;1968;508;116;30;0;0;0;0;0;0;0;0;0;0;0;0;0;2;28;190;1342;4999;10691;14338;14472;11343;5471;1924;543;146;43;4;0;0;0;0;0;0;0;0;0;0;0;1;2;147;2686;12931;22084;17292;7578;1921;621;209;54;10;0;0;0;0;0;0;0;0;0;0;0;0;0;antique
0;0;0;0;0;0;0;0;0;0;0;0;0;0;0;0;0;8;106;623;2394;6789;11317;13601;13414;9708;5090;1875;454;119;35;0;0;0;0;0;0;0;0;0;0;0;0;0;4;28;203;1272;4975;10748;14233;14562;11291;5524;1981;523;144;43;5;0;0;0;0;0;0;0;0;0;0;0;3;67;576;3607;12690;19716;17153;8295;2367;742;244;66;8;2;0;0;0;0;0;0;0;0;0;0;0;0;antique
0;0;0;0;0;0;0;0;0;0;0;0;0;0;0;0;6;34;243;1134;4030;8431;11342;13099;12820;9264;3917;869;226;93;26;0;0;0;0;0;0;0;0;0;0;0;0;0;6;65;344;2096;6955;11118;14439;14730;10467;4040;874;259;94;37;12;0;0;0;0;0;0;0;0;0;0;0;0;10;286;4199;15056;22984;15910;5501;1039;364;131;41;15;0;0;0;0;0;0;0;0;0;0;0;0;0;antique
0;0;0;0;0;0;0;0;0;0;0;0;0;0;0;0;1;19;181;1067;3886;8485;11467;13195;13177;9153;3711;860;220;75;28;0;0;0;0;0;0;0;0;0;0;0;0;0;3;69;370;2070;6703;11421;14318;14683;10511;4066;946;247;90;29;10;0;0;0;0;0;0;0;0;0;0;0;9;104;920;5162;14357;20402;16069;6425;1436;439;144;50;13;6;0;0;0;0;0;0;0;0;0;0;0;0;antique
0;0;0;0;0;0;0;0;0;0;0;0;0;0;0;2;14;99;490;1439;3187;5452;8158;10099;10975;10792;8066;4584;1708;344;118;0;0;0;0;0;0;0;0;0;0;0;0;0;16;131;533;1962;4286;7165;10617;12285;12148;8515;4970;2181;520;167;40;0;0;0;0;0;0;0;0;0;0;0;0;37;602;3192;8168;14946;16925;11824;5696;2962;881;229;74;0;0;0;0;0;0;0;0;0;0;0;0;0;antique
0;0;0;0;0;0;0;0;0;0;0;0;0;0;0;0;6;84;405;1505;3127;5587;8180;10103;10983;10829;7992;4494;1723;375;112;0;0;0;0;0;0;0;0;0;0;0;0;0;19;148;509;1957;4180;7363;10449;12236;12155;8603;5040;2150;538;159;30;0;0;0;0;0;0;0;0;0;0;0;10;150;925;3489;8167;13865;16486;12004;6008;3171;926;244;83;8;0;0;0;0;0;0;0;0;0;0;0;0;antique
0;0;0;0;0;0;0;0;0;0;0;0;0;0;0;1;2;13;221;955;3221;6692;9896;12076;12747;10452;5920;2295;694;250;80;0;0;0;0;0;0;0;0;0;0;0;0;1;2;45;373;1918;5763;9451;12756;13704;11614;6281;2358;757;343;127;43;0;0;0;0;0;0;0;0;0;0;0;1;20;531;5122;13387;18423;15247;8168;2749;1084;483;241;74;6;0;0;0;0;0;0;0;0;0;0;0;0;antique
0;0;0;0;0;0;0;0;0;0;0;0;0;0;0;1;1;9;151;921;3065;6746;9840;12484;12988;10336;5802;2101;712;260;83;0;0;0;0;0;0;0;0;0;0;0;0;1;2;52;345;1867;5636;9536;12642;13795;11662;6321;2406;785;327;115;43;1;0;0;0;0;0;0;0;0;0;2;11;140;1220;5694;12500;16757;15267;8823;3028;1275;502;221;85;11;0;0;0;0;0;0;0;0;0;0;0;0;antique
0;0;0;0;0;0;0;0;0;0;0;0;0;0;0;0;7;31;254;1046;4178;10017;13835;14100;12310;6822;2195;591;121;22;7;0;0;0;0;0;0;0;0;0;0;0;0;0;7;50;320;1809;7467;13562;16282;14138;8205;2724;728;193;39;12;0;0;0;0;0;0;0;0;0;0;0;0;0;17;358;4665;17672;23248;13032;4838;1206;373;107;19;1;0;0;0;0;0;0;0;0;0;0;0;0;0;antique
0;0;0;0;0;0;0;0;0;0;0;0;0;0;0;0;2;21;178;931;3914;10324;14077;14212;12474;6556;2083;612;120;22;10;0;0;0;0;0;0;0;0;0;0;0;0;0;9;49;324;1768;7313;13743;16203;14135;8276;2739;751;178;34;14;0;0;0;0;0;0;0;0;0;0;0;0;14;101;986;5744;16368;20880;13883;5451;1503;464;114;21;7;0;0;0;0;0;0;0;0;0;0;0;0;0;antique
0;0;0;0;0;0;0;0;0;0;0;0;0;0;0;0;9;35;212;967;3856;9678;13430;13804;12582;7545;2521;725;138;28;6;0;0;0;0;0;0;0;0;0;0;0;0;0;11;51;280;1738;7131;13513;15863;14194;8677;2956;857;214;38;12;1;0;0;0;0;0;0;0;0;0;0;0;1;17;317;4278;17139;23056;13457;5332;1378;429;106;23;3;0;0;0;0;0;0;0;0;0;0;0;0;0;antique
0;0;0;0;0;0;0;0;0;0;0;0;0;0;0;0;2;30;151;894;3687;9753;13629;14185;12557;7340;2411;703;158;27;8;0;0;0;0;0;0;0;0;0;0;0;0;1;7;54;295;1717;6989;13514;15936;14118;8741;3034;884;203;34;8;1;0;0;0;0;0;0;0;0;0;0;2;11;116;915;5419;15764;20730;14362;5823;1718;521;124;20;10;1;0;0;0;0;0;0;0;0;0;0;0;0;antique
0;0;0;0;0;0;0;0;0;0;0;0;0;0;0;1;9;38;114;540;1948;5137;9299;12363;14055;12115;6418;2283;789;289;127;0;0;0;0;0;0;0;0;0;0;0;0;1;9;43;155;981;3492;8128;12596;15151;13815;7313;2487;838;347;146;33;1;0;0;0;0;0;0;0;0;0;0;0;12;138;1746;8761;18964;19408;11337;3127;1236;535;204;67;1;0;0;0;0;0;0;0;0;0;0;0;0;antique
0;0;0;0;0;0;0;0;0;0;0;0;0;0;0;0;7;23;86;454;1809;5151;9445;12584;14295;12083;6174;2253;730;302;110;0;0;0;0;0;0;0;0;0;0;0;0;1;11;44;165;910;3416;8154;12615;15098;13764;7446;2546;867;343;126;29;1;0;0;0;0;0;0;0;0;0;0;12;50;462;2609;8952;16880;18690;11849;3783;1397;586;194;66;6;0;0;0;0;0;0;0;0;0;0;0;0;antique
0;0;0;0;0;0;0;0;0;0;0;0;0;0;0;0;2;15;73;385;1524;3606;6902;10101;11801;12004;8827;5393;2887;1401;563;0;0;0;0;0;0;0;0;0;0;0;0;0;1;23;104;741;2542;5648;10076;12889;13167;9443;5552;2973;1476;709;185;7;0;0;0;0;0;0;0;0;0;0;0;4;117;1339;5890;13849;17358;13329;6530;3939;1973;855;343;10;0;0;0;0;0;0;0;0;0;0;0;0;antique
0;0;0;0;0;0;0;0;0;0;0;0;0;0;0;0;0;7;52;354;1400;3600;6882;10186;12141;12110;8724;5309;2773;1364;522;0;0;0;0;0;0;0;0;0;0;0;0;0;0;27;118;728;2490;5662;9939;12887;13206;9417;5690;3024;1470;705;171;2;0;0;0;0;0;0;0;0;0;0;4;52;404;1957;6071;12719;16423;13195;7036;4307;2075;954;313;25;1;0;0;0;0;0;0;0;0;0;0;0;antique
0;0;0;0;0;0;0;0;0;0;0;0;0;0;0;0;11;56;344;1563;5279;8762;10315;10652;9682;8819;6161;3003;710;133;39;0;0;0;0;0;0;0;0;0;0;0;0;0;11;88;514;3035;8179;11157;12442;11106;9335;6158;2672;641;135;46;6;11;0;0;0;0;0;0;0;0;0;0;1;16;574;6390;16516;18344;12459;7748;2501;741;167;59;11;9;0;0;0;0;0;0;0;0;0;0;0;0;antique
0;0;0;0;0;0;0;0;0;0;0;0;0;0;0;0;3;39;247;1441;5169;9019;10340;10651;9992;8959;6043;2801;635;149;35;0;0;0;0;0;0;0;0;0;0;0;0;0;12;93;503;2936;8153;11250;12394;11140;9323;6206;2712;614;143;43;7;6;1;0;0;0;0;0;0;0;0;1;16;151;1311;7056;15168;17108;12650;7781;3038;937;233;62;15;8;1;0;0;0;0;0;0;0;0;0;0;0;antique
0;0;0;0;0;0;0;0;0;0;0;0;0;0;0;0;0;4;118;580;1710;3838;6307;9822;12681;12858;9901;5236;1913;505;63;0;0;0;0;0;0;0;0;0;0;0;0;0;3;81;433;1786;4177;7181;11397;13361;12336;8773;4107;1449;381;71;0;0;0;0;0;0;0;0;0;0;0;0;10;350;2378;7245;13217;15437;13125;8412;3473;1424;396;68;1;0;0;0;0;0;0;0;0;0;0;0;0;0;antique
0;0;0;0;0;0;0;0;0;0;0;0;0;0;0;0;0;4;93;521;1738;3726;6420;10124;12771;12813;9769;5004;1922;527;100;0;0;0;0;0;0;0;0;0;0;0;0;0;3;79;441;1733;4031;7224;11446;13542;12346;8755;4099;1402;363;71;1;0;0;0;0;0;0;0;0;0;0;4;74;645;2807;6877;12633;14868;13322;8746;3611;1478;374;95;2;0;0;0;0;0;0;0;0;0;0;0;0;0;antique
0;0;0;0;0;0;0;0;0;0;0;0;0;0;0;0;0;10;50;165;526;1323;2845;4656;7218;9716;12195;12515;9091;3942;1193;0;0;0;0;0;0;0;0;0;0;0;0;0;5;40;133;513;1363;2929;4997;7765;10327;12638;11478;8333;3789;1111;104;11;0;0;0;0;0;0;0;0;0;0;8;122;682;2365;4997;8533;11733;13126;10206;8287;4308;1013;154;2;0;0;0;0;0;0;0;0;0;0;0;0;antique
0;0;0;0;0;0;0;0;0;0;0;0;0;0;0;0;0;6;39;154;509;1346;2853;4738;7379;9817;12082;12328;8826;3978;1306;0;0;0;0;0;0;0;0;0;0;0;0;0;4;36;127;502;1290;2954;4900;7833;10469;12697;11753;8041;3762;1049;112;7;0;0;0;0;0;0;0;0;0;2;44;216;854;2384;4826;8166;11479;13260;10489;8357;4134;1154;164;7;0;0;0;0;0;0;0;0;0;0;0;0;antique
0;0;0;51;7374;21468;20401;11396;3971;802;73;0;0;0;0;0;0;0;0;0;0;0;0;0;0;0;0;0;0;0;0;0;0;0;0;703;13503;23297;17567;8029;2173;254;10;0;0;0;0;0;0;0;0;0;0;0;0;0;0;0;0;0;0;0;0;0;0;0;0;2709;20914;25091;13425;3174;219;4;0;0;0;0;0;0;0;0;0;0;0;0;0;0;0;0;0;0;0;0;0;0;berlin
0;0;0;233;6122;20325;21889;12346;3901;662;54;4;0;0;0;0;0;0;0;0;0;0;0;0;0;0;0;0;0;0;0;0;0;0;5;1299;12156;22982;18302;8378;2116;276;22;0;0;0;0;0;0;0;0;0;0;0;0;0;0;0;0;0;0;0;0;0;0;0;192;5643;19937;22275;12719;4035;675;56;4;0;0;0;0;0;0;0;0;0;0;0;0;0;0;0;0;0;0;0;0;0;berlin
0;0;0;9;4589;19131;20837;13372;5819;1567;208;4;0;0;0;0;0;0;0;0;0;0;0;0;0;0;0;0;0;0;0;0;0;0;0;209;9756;22127;19042;10279;3490;605;28;0;0;0;0;0;0;0;0;0;0;0;0;0;0;0;0;0;0;0;0;0;0;0;0;1354;17149;25780;15655;5024;570;4;0;0;0;0;0;0;0;0;0;0;0;0;0;0;0;0;0;0;0;0;0;0;berlin
0;0;0;115;4063;17251;22356;14452;5765;1396;132;6;0;0;0;0;0;0;0;0;0;0;0;0;0;0;0;0;0;0;0;0;0;0;4;660;8470;21258;20059;10838;3531;670;44;2;0;0;0;0;0;0;0;0;0;0;0;0;0;0;0;0;0;0;0;0;0;0;111;3983;17134;22446;14536;5787;1400;132;7;0;0;0;0;0;0;0;0;0;0;0;0;0;0;0;0;0;0;0;0;0;berlin
0;0;0;11;4416;17606;20200;14267;6676;2047;301;12;0;0;0;0;0;0;0;0;0;0;0;0;0;0;0;0;0;0;0;0;0;0;0;307;9463;20728;18920;11081;4185;803;49;0;0;0;0;0;0;0;0;0;0;0;0;0;0;0;0;0;0;0;0;0;0;0;0;1510;16133;24527;16606;5993;758;9;0;0;0;0;0;0;0;0;0;0;0;0;0;0;0;0;0;0;0;0;0;0;berlin
0;0;0;145;3988;16271;21246;15204;6696;1749;229;8;0;0;0;0;0;0;0;0;0;0;0;0;0;0;0;0;0;0;0;0;0;0;5;745;8185;19802;19844;11651;4341;884;77;2;0;0;0;0;0;0;0;0;0;0;0;0;0;0;0;0;0;0;0;0;0;0;144;3950;16243;21288;15231;6708;1742;222;8;0;0;0;0;0;0;0;0;0;0;0;0;0;0;0;0;0;0;0;0;0;berlin
0;0;0;5;4136;18969;20893;13777;5818;1703;231;4;0;0;0;0;0;0;0;0;0;0;0;0;0;0;0;0;0;0;0;0;0;0;0;179;9366;22080;19287;10323;3600;672;29;0;0;0;0;0;0;0;0;0;0;0;0;0;0;0;0;0;0;0;0;0;0;0;0;1218;16641;25859;15961;5255;596;6;0;0;0;0;0;0;0;0;0;0;0;0;0;0;0;0;0;0;0;0;0;0;berlin
0;0;0;123;3790;16969;22474;14636;5897;1481;162;4;0;0;0;0;0;0;0;0;0;0;0;0;0;0;0;0;0;0;0;0;0;0;2;615;8202;20883;20376;10949;3730;724;55;0;0;0;0;0;0;0;0;0;0;0;0;0;0;0;0;0;0;0;0;0;0;0;121;3744;16911;22499;14703;5914;1481;159;4;0;0;0;0;0;0;0;0;0;0;0;0;0;0;0;0;0;0;0;0;0;berlin
0;0;0;6;4071;18916;21013;13625;6014;1666;220;5;0;0;0;0;0;0;0;0;0;0;0;0;0;0;0;0;0;0;0;0;0;0;0;166;9342;22011;19305;10390;3664;623;35;0;0;0;0;0;0;0;0;0;0;0;0;0;0;0;0;0;0;0;0;0;0;0;0;1190;16583;25786;16174;5175;619;9;0;0;0;0;0;0;0;0;0;0;0;0;0;0;0;0;0;0;0;0;0;0;berlin
0;0;0;105;3828;16875;22227;14892;6077;1375;152;5;0;0;0;0;0;0;0;0;0;0;0;0;0;0;0;0;0;0;0;0;0;0;2;560;8131;20987;20266;11102;3755;690;42;1;0;0;0;0;0;0;0;0;0;0;0;0;0;0;0;0;0;0;0;0;0;0;101;3753;16807;22265;14978;6106;1371;150;5;0;0;0;0;0;0;0;0;0;0;0;0;0;0;0;0;0;0;0;0;0;berlin
0;0;0;8;3964;18292;21027;13993;6226;1810;210;6;0;0;0;0;0;0;0;0;0;0;0;0;0;0;0;0;0;0;0;0;0;0;0;153;8915;21552;19509;10787;3903;686;30;1;0;0;0;0;0;0;0;0;0;0;0;0;0;0;0;0;0;0;0;0;0;0;0;1067;15814;25760;16653;5571;661;10;0;0;0;0;0;0;0;0;0;0;0;0;0;0;0;0;0;0;0;0;0;0;berlin
0;0;0;95;3700;16374;22222;15096;6379;1500;161;9;0;0;0;0;0;0;0;0;0;0;0;0;0;0;0;0;0;0;0;0;0;0;2;561;7819;20401;20515;11369;4078;728;62;1;0;0;0;0;0;0;0;0;0;0;0;0;0;0;0;0;0;0;0;0;0;0;94;3664;16314;22265;15139;6381;1511;160;8;0;0;0;0;0;0;0;0;0;0;0;0;0;0;0;0;0;0;0;0;0;berlin
0;0;0;12;3994;14929;18441;14903;8965;3535;699;56;2;0;0;0;0;0;0;0;0;0;0;0;0;0;0;0;0;0;0;0;0;0;0;303;8149;17767;18158;12987;6308;1709;152;3;0;0;0;0;0;0;0;0;0;0;0;0;0;0;0;0;0;0;0;0;0;0;0;1267;13641;21845;18069;8836;1819;59;0;0;0;0;0;0;0;0;0;0;0;0;0;0;0;0;0;0;0;0;0;0;berlin
0;0;0;144;3660;13561;19350;15912;9065;3192;609;43;0;0;0;0;0;0;0;0;0;0;0;0;0;0;0;0;0;0;0;0;0;0;4;702;7149;16867;18664;13623;6443;1829;244;11;0;0;0;0;0;0;0;0;0;0;0;0;0;0;0;0;0;0;0;0;0;0;144;3631;13613;19409;15994;8992;3150;565;38;0;0;0;0;0;0;0;0;0;0;0;0;0;0;0;0;0;0;0;0;0;berlin
0;0;0;10;3492;14284;18187;15189;9543;3864;889;78;0;0;0;0;0;0;0;0;0;0;0;0;0;0;0;0;0;0;0;0;0;0;0;246;7519;17324;18084;13371;6795;1985;209;3;0;0;0;0;0;0;0;0;0;0;0;0;0;0;0;0;0;0;0;0;0;0;0;1143;12869;21612;18323;9416;2079;94;0;0;0;0;0;0;0;0;0;0;0;0;0;0;0;0;0;0;0;0;0;0;berlin
0;0;0;135;3272;12950;18990;16279;9567;3557;713;71;2;0;0;0;0;0;0;0;0;0;0;0;0;0;0;0;0;0;0;0;0;0;5;601;6599;16418;18572;13887;7025;2104;307;18;0;0;0;0;0;0;0;0;0;0;0;0;0;0;0;0;0;0;0;0;0;0;139;3283;13027;19068;16308;9478;3489;676;66;2;0;0;0;0;0;0;0;0;0;0;0;0;0;0;0;0;0;0;0;0;berlin
0;0;0;5;3211;13767;18431;15217;9650;4156;1019;80;0;0;0;0;0;0;0;0;0;0;0;0;0;0;0;0;0;0;0;0;0;0;0;184;7134;17043;18222;13529;6992;2201;228;3;0;0;0;0;0;0;0;0;0;0;0;0;0;0;0;0;0;0;0;0;0;0;0;1059;12381;21508;18585;9685;2228;90;0;0;0;0;0;0;0;0;0;0;0;0;0;0;0;0;0;0;0;0;0;0;berlin
0;0;0;138;3070;12520;18925;16485;9675;3844;809;69;1;0;0;0;0;0;0;0;0;0;0;0;0;0;0;0;0;0;0;0;0;0;8;545;6231;16007;18912;13905;7265;2303;343;16;1;0;0;0;0;0;0;0;0;0;0;0;0;0;0;0;0;0;0;0;0;0;138;3115;12573;19004;16483;9640;3758;761;63;1;0;0;0;0;0;0;0;0;0;0;0;0;0;0;0;0;0;0;0;0;berlin
0;0;0;2;2497;13156;18317;15847;10099;4436;1083;98;1;0;0;0;0;0;0;0;0;0;0;0;0;0;0;0;0;0;0;0;0;0;0;112;6014;16754;18615;13990;7443;2319;284;5;0;0;0;0;0;0;0;0;0;0;0;0;0;0;0;0;0;0;0;0;0;0;0;657;10938;21497;19130;10526;2654;133;1;0;0;0;0;0;0;0;0;0;0;0;0;0;0;0;0;0;0;0;0;0;berlin
0;0;0;84;2589;11777;18711;16968;10358;4081;899;67;2;0;0;0;0;0;0;0;0;0;0;0;0;0;0;0;0;0;0;0;0;0;1;414;5529;15275;18972;14781;7683;2453;414;13;1;0;0;0;0;0;0;0;0;0;0;0;0;0;0;0;0;0;0;0;0;0;87;2635;11784;18754;16971;10345;4032;868;58;2;0;0;0;0;0;0;0;0;0;0;0;0;0;0;0;0;0;0;0;0;berlin
0;0;0;12;4597;17746;20199;13951;6675;2061;275;20;0;0;0;0;0;0;0;0;0;0;0;0;0;0;0;0;0;0;0;0;0;0;0;332;9785;20657;18816;10973;4124;801;48;0;0;0;0;0;0;0;0;0;0;0;0;0;0;0;0;0;0;0;0;0;0;0;0;1564;16581;24393;16398;5862;725;13;0;0;0;0;0;0;0;0;0;0;0;0;0;0;0;0;0;0;0;0;0;0;berlin
0;0;0;145;4190;16486;21086;14999;6646;1766;207;11;0;0;0;0;0;0;0;0;0;0;0;0;0;0;0;0;0;0;0;0;0;0;6;775;8269;20137;19461;11563;4361;880;82;2;0;0;0;0;0;0;0;0;0;0;0;0;0;0;0;0;0;0;0;0;0;0;141;4135;16429;21165;15047;6661;1744;204;10;0;0;0;0;0;0;0;0;0;0;0;0;0;0;0;0;0;0;0;0;0;berlin
0;0;0;38;12709;35399;17030;359;1;0;0;0;0;0;0;0;0;0;0;0;0;0;0;0;0;0;0;0;0;0;0;0;0;0;0;0;271;11142;35381;18153;559;30;0;0;0;0;0;0;0;0;0;0;0;0;0;0;0;0;0;0;0;0;0;0;0;0;0;0;0;0;0;0;40;2497;22634;32430;7786;149;0;0;0;0;0;0;0;0;0;0;0;0;0;0;0;0;0;0;campinya
0;0;0;81;12343;35211;17463;435;3;0;0;0;0;0;0;0;0;0;0;0;0;0;0;0;0;0;0;0;0;0;0;0;0;0;0;0;279;12194;35078;17507;450;28;0;0;0;0;0;0;0;0;0;0;0;0;0;0;0;0;0;0;0;0;0;0;0;0;0;0;0;0;0;0;33;2018;22338;33802;7213;132;0;0;0;0;0;0;0;0;0;0;0;0;0;0;0;0;0;0;campinya
0;0;0;4;10037;30600;23819;1076;0;0;0;0;0;0;0;0;0;0;0;0;0;0;0;0;0;0;0;0;0;0;0;0;0;0;0;0;118;8313;30303;25134;1662;6;0;0;0;0;0;0;0;0;0;0;0;0;0;0;0;0;0;0;0;0;0;0;0;0;0;0;0;0;0;0;0;967;14407;27483;20891;1783;5;0;0;0;0;0;0;0;0;0;0;0;0;0;0;0;0;0;campinya
0;0;0;50;8761;30228;25162;1335;0;0;0;0;0;0;0;0;0;0;0;0;0;0;0;0;0;0;0;0;0;0;0;0;0;0;0;0;94;8686;30888;24373;1495;0;0;0;0;0;0;0;0;0;0;0;0;0;0;0;0;0;0;0;0;0;0;0;0;0;0;0;0;0;0;0;0;961;14740;27416;20447;1962;10;0;0;0;0;0;0;0;0;0;0;0;0;0;0;0;0;0;campinya
0;0;0;82;11525;28059;23508;2334;28;0;0;0;0;0;0;0;0;0;0;0;0;0;0;0;0;0;0;0;0;0;0;0;0;0;0;0;529;9306;27683;24672;3220;126;0;0;0;0;0;0;0;0;0;0;0;0;0;0;0;0;0;0;0;0;0;0;0;0;0;0;0;0;0;0;9;2168;14147;25829;20474;2854;55;0;0;0;0;0;0;0;0;0;0;0;0;0;0;0;0;0;campinya
0;0;0;318;10034;27810;24717;2619;38;0;0;0;0;0;0;0;0;0;0;0;0;0;0;0;0;0;0;0;0;0;0;0;0;0;0;0;516;9769;27742;24452;2974;83;0;0;0;0;0;0;0;0;0;0;0;0;0;0;0;0;0;0;0;0;0;0;0;0;0;0;0;0;0;0;2;2148;14129;26314;19913;2955;75;0;0;0;0;0;0;0;0;0;0;0;0;0;0;0;0;0;campinya
0;0;0;12;11438;28587;22988;2429;82;0;0;0;0;0;0;0;0;0;0;0;0;0;0;0;0;0;0;0;0;0;0;0;0;0;0;0;451;9367;29081;23286;3156;195;0;0;0;0;0;0;0;0;0;0;0;0;0;0;0;0;0;0;0;0;0;0;0;0;0;0;0;0;0;0;0;1303;14599;26638;20371;2599;26;0;0;0;0;0;0;0;0;0;0;0;0;0;0;0;0;0;campinya
0;0;0;107;9928;29063;23298;3031;109;0;0;0;0;0;0;0;0;0;0;0;0;0;0;0;0;0;0;0;0;0;0;0;0;0;0;0;393;9670;29214;23228;2863;168;0;0;0;0;0;0;0;0;0;0;0;0;0;0;0;0;0;0;0;0;0;0;0;0;0;0;0;0;0;0;0;1380;14287;27408;19635;2795;31;0;0;0;0;0;0;0;0;0;0;0;0;0;0;0;0;0;campinya
0;0;0;249;11657;27245;22933;3392;60;0;0;0;0;0;0;0;0;0;0;0;0;0;0;0;0;0;0;0;0;0;0;0;0;0;0;5;896;9281;27648;23251;4246;209;0;0;0;0;0;0;0;0;0;0;0;0;0;0;0;0;0;0;0;0;0;0;0;0;0;0;0;0;0;2;81;1717;13404;24635;20852;4696;149;0;0;0;0;0;0;0;0;0;0;0;0;0;0;0;0;0;campinya
0;0;0;378;10032;27714;23372;3949;91;0;0;0;0;0;0;0;0;0;0;0;0;0;0;0;0;0;0;0;0;0;0;0;0;0;0;8;802;9647;28032;23145;3757;145;0;0;0;0;0;0;0;0;0;0;0;0;0;0;0;0;0;0;0;0;0;0;0;0;0;0;0;0;0;0;50;1804;13176;25408;19997;4870;231;0;0;0;0;0;0;0;0;0;0;0;0;0;0;0;0;0;campinya
0;0;0;178;10228;26268;24336;4420;106;0;0;0;0;0;0;0;0;0;0;0;0;0;0;0;0;0;0;0;0;0;0;0;0;0;0;7;705;8442;26533;24015;5557;277;0;0;0;0;0;0;0;0;0;0;0;0;0;0;0;0;0;0;0;0;0;0;0;0;0;0;0;0;0;3;56;1297;10362;22778;23125;7597;318;0;0;0;0;0;0;0;0;0;0;0;0;0;0;0;0;0;campinya
0;0;0;326;8872;26245;24775;5171;147;0;0;0;0;0;0;0;0;0;0;0;0;0;0;0;0;0;0;0;0;0;0;0;0;0;0;8;552;8925;27865;23308;4660;218;0;0;0;0;0;0;0;0;0;0;0;0;0;0;0;0;0;0;0;0;0;0;0;0;0;0;0;0;0;0;63;1372;10530;22669;22804;7650;443;5;0;0;0;0;0;0;0;0;0;0;0;0;0;0;0;0;campinya
0;0;0;76;8406;32698;22252;1879;221;4;0;0;0;0;0;0;0;0;0;0;0;0;0;0;0;0;0;0;0;0;0;0;0;0;0;0;416;7083;32633;22866;2103;427;8;0;0;0;0;0;0;0;0;0;0;0;0;0;0;0;0;0;0;0;0;0;0;0;0;0;0;0;0;0;9;696;9033;27843;24302;3239;403;11;0;0;0;0;0;0;0;0;0;0;0;0;0;0;0;0;campinya
0;0;0;220;7259;32218;23382;2175;277;5;0;0;0;0;0;0;0;0;0;0;0;0;0;0;0;0;0;0;0;0;0;0;0;0;0;2;309;7517;34541;20951;1822;389;5;0;0;0;0;0;0;0;0;0;0;0;0;0;0;0;0;0;0;0;0;0;0;0;0;0;0;0;0;0;4;662;9053;28597;23484;3288;441;7;0;0;0;0;0;0;0;0;0;0;0;0;0;0;0;0;campinya
0;0;0;6;9212;28243;25851;2217;7;0;0;0;0;0;0;0;0;0;0;0;0;0;0;0;0;0;0;0;0;0;0;0;0;0;0;0;178;7735;28119;26322;3145;37;0;0;0;0;0;0;0;0;0;0;0;0;0;0;0;0;0;0;0;0;0;0;0;0;0;0;0;0;0;0;0;502;9943;23528;25951;5535;77;0;0;0;0;0;0;0;0;0;0;0;0;0;0;0;0;0;campinya
0;0;0;67;7865;27986;27007;2596;15;0;0;0;0;0;0;0;0;0;0;0;0;0;0;0;0;0;0;0;0;0;0;0;0;0;0;0;149;8064;30151;24402;2736;34;0;0;0;0;0;0;0;0;0;0;0;0;0;0;0;0;0;0;0;0;0;0;0;0;0;0;0;0;0;0;0;480;9747;23658;25503;6030;118;0;0;0;0;0;0;0;0;0;0;0;0;0;0;0;0;0;campinya
0;0;0;81;9899;27162;25900;2416;76;2;0;0;0;0;0;0;0;0;0;0;0;0;0;0;0;0;0;0;0;0;0;0;0;0;0;0;525;8305;26812;26439;3327;124;4;0;0;0;0;0;0;0;0;0;0;0;0;0;0;0;0;0;0;0;0;0;0;0;0;0;0;0;0;0;7;1241;9756;22927;26299;5222;84;0;0;0;0;0;0;0;0;0;0;0;0;0;0;0;0;0;campinya
0;0;0;258;8600;26748;26749;3100;81;0;0;0;0;0;0;0;0;0;0;0;0;0;0;0;0;0;0;0;0;0;0;0;0;0;0;0;428;8796;28615;25035;2552;106;4;0;0;0;0;0;0;0;0;0;0;0;0;0;0;0;0;0;0;0;0;0;0;0;0;0;0;0;0;0;0;1322;9861;22941;25585;5699;124;4;0;0;0;0;0;0;0;0;0;0;0;0;0;0;0;0;campinya
0;0;0;61;10431;26413;25037;3365;229;0;0;0;0;0;0;0;0;0;0;0;0;0;0;0;0;0;0;0;0;0;0;0;0;0;0;0;358;8700;26614;25141;4338;385;0;0;0;0;0;0;0;0;0;0;0;0;0;0;0;0;0;0;0;0;0;0;0;0;0;0;0;0;0;0;2;840;11029;23388;24289;5806;182;0;0;0;0;0;0;0;0;0;0;0;0;0;0;0;0;0;campinya
0;0;0;126;9014;26476;25625;4032;263;0;0;0;0;0;0;0;0;0;0;0;0;0;0;0;0;0;0;0;0;0;0;0;0;0;0;0;299;9072;27997;24238;3603;327;0;0;0;0;0;0;0;0;0;0;0;0;0;0;0;0;0;0;0;0;0;0;0;0;0;0;0;0;0;0;1;888;11175;23398;23964;5926;184;0;0;0;0;0;0;0;0;0;0;0;0;0;0;0;0;0;campinya
0;0;0;203;10616;25831;24378;4417;91;0;0;0;0;0;0;0;0;0;0;0;0;0;0;0;0;0;0;0;0;0;0;0;0;0;0;0;743;8486;26080;24366;5567;293;1;0;0;0;0;0;0;0;0;0;0;0;0;0;0;0;0;0;0;0;0;0;0;0;0;0;0;0;0;0;69;1424;10990;22626;23259;6894;274;0;0;0;0;0;0;0;0;0;0;0;0;0;0;0;0;0;campinya
0;0;0;333;9158;25995;24774;5129;147;0;0;0;0;0;0;0;0;0;0;0;0;0;0;0;0;0;0;0;0;0;0;0;0;0;0;0;679;8805;27318;23710;4806;218;0;0;0;0;0;0;0;0;0;0;0;0;0;0;0;0;0;0;0;0;0;0;0;0;0;0;0;0;0;0;55;1480;11032;22649;22866;7025;429;0;0;0;0;0;0;0;0;0;0;0;0;0;0;0;0;0;campinya
0;0;0;0;0;0;0;0;0;0;0;0;0;0;0;0;0;0;0;0;14;200;962;3119;8256;15986;18824;14996;3179;0;0;0;0;0;0;0;0;0;0;0;0;0;0;0;0;0;0;0;0;0;0;109;517;2144;7121;14460;21911;15327;3941;6;0;0;0;0;0;0;0;0;0;0;0;0;0;0;0;0;0;0;0;0;0;112;563;2623;8816;18228;24229;10817;148;0;0;0;0;0;0;0;firenze
0;0;0;0;0;0;0;0;0;0;0;0;0;0;0;0;0;0;0;0;14;189;901;3160;8045;15780;19055;15061;3330;1;0;0;0;0;0;0;0;0;0;0;0;0;0;0;0;0;0;0;0;0;3;97;521;2173;6963;14750;21647;15285;4094;3;0;0;0;0;0;0;0;0;0;0;0;0;0;0;0;0;0;0;0;0;1;106;561;2595;8464;18215;23901;11476;217;0;0;0;0;0;0;0;firenze
0;0;0;0;0;0;0;0;0;0;0;0;0;0;0;0;0;0;0;0;11;129;639;2354;7326;15499;19806;18470;1302;0;0;0;0;0;0;0;0;0;0;0;0;0;0;0;0;0;0;0;0;0;0;72;408;1814;6056;14180;20818;19965;2223;0;0;0;0;0;0;0;0;0;0;0;0;0;0;0;0;0;0;0;0;0;4;68;441;2249;7284;17156;26339;11903;92;0;0;0;0;0;0;0;firenze
0;0;0;0;0;0;0;0;0;0;0;0;0;0;0;0;0;0;0;0;13;123;594;2332;7270;15349;19860;18403;1592;0;0;0;0;0;0;0;0;0;0;0;0;0;0;0;0;0;0;0;0;0;0;63;372;1769;5978;14164;20542;20131;2517;0;0;0;0;0;0;0;0;0;0;0;0;0;0;0;0;0;0;0;0;0;0;51;435;2267;7071;17134;24964;13349;265;0;0;0;0;0;0;0;firenze
0;0;0;0;0;0;0;0;0;0;0;0;0;0;0;0;0;0;0;5;72;446;1582;4393;10437;15144;18810;14418;229;0;0;0;0;0;0;0;0;0;0;0;0;0;0;0;0;0;0;0;0;0;29;251;1059;3117;8092;14435;19041;18224;1288;0;0;0;0;0;0;0;0;0;0;0;0;0;0;0;0;0;0;0;0;0;12;188;905;3250;8596;16236;22963;13342;44;0;0;0;0;0;0;0;firenze
0;0;0;0;0;0;0;0;0;0;0;0;0;0;0;0;0;0;0;6;70;473;1556;4121;10280;14974;19237;14249;570;0;0;0;0;0;0;0;0;0;0;0;0;0;0;0;0;0;0;0;0;1;25;234;1058;3082;8280;14614;18781;18044;1417;0;0;0;0;0;0;0;0;0;0;0;0;0;0;0;0;0;0;0;0;0;13;189;978;3151;8596;15952;22628;13948;81;0;0;0;0;0;0;0;firenze
0;0;0;0;0;0;0;0;0;0;0;0;0;0;0;0;0;0;0;0;23;175;1059;3438;8540;15184;16816;16957;3344;0;0;0;0;0;0;0;0;0;0;0;0;0;0;0;0;0;0;0;0;0;8;92;745;2765;7532;14006;18493;17787;4108;0;0;0;0;0;0;0;0;0;0;0;0;0;0;0;0;0;0;0;0;0;1;65;623;2840;7900;15861;21235;16311;700;0;0;0;0;0;0;0;firenze
0;0;0;0;0;0;0;0;0;0;0;0;0;0;0;0;0;0;0;2;20;175;964;3404;8485;15158;16535;17460;3333;0;0;0;0;0;0;0;0;0;0;0;0;0;0;0;0;0;0;0;0;0;6;100;714;2748;7322;14537;17917;17322;4870;0;0;0;0;0;0;0;0;0;0;0;0;0;0;0;0;0;0;0;0;0;3;53;637;2729;7825;15884;20809;16758;838;0;0;0;0;0;0;0;firenze
0;0;0;0;0;0;0;0;0;0;0;0;0;0;0;0;0;0;0;0;24;180;889;2566;7168;13857;17131;20520;3201;0;0;0;0;0;0;0;0;0;0;0;0;0;0;0;0;0;0;0;0;0;8;111;640;2023;5724;12760;18199;20989;5082;0;0;0;0;0;0;0;0;0;0;0;0;0;0;0;0;0;0;0;0;0;2;85;516;2072;6275;13991;21823;19829;943;0;0;0;0;0;0;0;firenze
0;0;0;0;0;0;0;0;0;0;0;0;0;0;0;0;0;0;0;0;23;213;834;2552;7169;13949;16789;20300;3707;0;0;0;0;0;0;0;0;0;0;0;0;0;0;0;0;0;0;0;0;0;7;96;611;2004;5688;13007;17919;20583;5621;0;0;0;0;0;0;0;0;0;0;0;0;0;0;0;0;0;0;0;0;0;1;78;581;2032;5931;14135;21170;20475;1133;0;0;0;0;0;0;0;firenze
0;0;0;0;0;0;0;0;0;0;0;0;0;0;0;0;0;0;0;1;30;230;974;3324;9457;16871;20858;13548;243;0;0;0;0;0;0;0;0;0;0;0;0;0;0;0;0;0;0;0;0;0;8;122;572;2335;7311;15508;22052;16912;716;0;0;0;0;0;0;0;0;0;0;0;0;0;0;0;0;0;0;0;0;0;1;66;488;2251;7538;17217;25906;12036;33;0;0;0;0;0;0;0;firenze
0;0;0;0;0;0;0;0;0;0;0;0;0;0;0;0;0;0;0;0;36;233;917;3354;9088;16723;20939;13810;436;0;0;0;0;0;0;0;0;0;0;0;0;0;0;0;0;0;0;0;0;0;6;120;545;2231;7312;15734;22157;16553;878;0;0;0;0;0;0;0;0;0;0;0;0;0;0;0;0;0;0;0;0;0;2;74;502;2299;7532;17187;25201;12593;146;0;0;0;0;0;0;0;firenze
0;0;0;0;0;0;0;0;0;0;0;0;0;0;0;0;0;0;0;3;58;343;1356;4206;9661;15048;18448;16183;230;0;0;0;0;0;0;0;0;0;0;0;0;0;0;0;0;0;0;0;0;1;26;202;946;3068;7581;14082;18868;19318;1444;0;0;0;0;0;0;0;0;0;0;0;0;0;0;0;0;0;0;0;0;0;15;146;832;3154;8115;15468;22175;15489;142;0;0;0;0;0;0;0;firenze
0;0;0;0;0;0;0;0;0;0;0;0;0;0;0;0;0;0;0;4;53;342;1244;4165;9481;14951;18989;15670;637;0;0;0;0;0;0;0;0;0;0;0;0;0;0;0;0;0;0;0;0;2;29;186;918;3076;7621;14324;18772;18999;1609;0;0;0;0;0;0;0;0;0;0;0;0;0;0;0;0;0;0;0;0;0;15;156;873;3077;7856;15479;21568;16151;361;0;0;0;0;0;0;0;firenze
0;0;0;0;0;0;0;0;0;0;0;0;0;0;0;0;0;0;0;1;36;199;922;2889;7855;13606;15791;20360;3877;0;0;0;0;0;0;0;0;0;0;0;0;0;0;0;0;0;0;0;0;0;13;115;639;2192;6133;12465;16971;20201;6805;2;0;0;0;0;0;0;0;0;0;0;0;0;0;0;0;0;0;0;0;0;3;88;537;2214;6609;13955;20980;19712;1438;0;0;0;0;0;0;0;firenze
0;0;0;0;0;0;0;0;0;0;0;0;0;0;0;0;0;0;0;1;30;213;882;2886;7763;13479;15806;19715;4760;1;0;0;0;0;0;0;0;0;0;0;0;0;0;0;0;0;0;0;0;0;14;104;621;2156;6077;12551;16847;20048;7115;3;0;0;0;0;0;0;0;0;0;0;0;0;0;0;0;0;0;0;0;0;11;87;577;2241;6488;13953;20217;20417;1545;0;0;0;0;0;0;0;firenze
0;0;0;0;0;0;0;0;0;0;0;0;0;0;0;0;0;0;0;0;4;86;538;1886;5761;10812;14190;18743;13516;0;0;0;0;0;0;0;0;0;0;0;0;0;0;0;0;0;0;0;0;0;0;41;385;1402;4404;9776;15049;18215;15945;319;0;0;0;0;0;0;0;0;0;0;0;0;0;0;0;0;0;0;0;0;0;19;341;1504;4835;11072;18568;21438;7759;0;0;0;0;0;0;0;firenze
0;0;0;0;0;0;0;0;0;0;0;0;0;0;0;0;0;0;0;0;0;73;552;1878;5643;10886;14128;18103;14246;27;0;0;0;0;0;0;0;0;0;0;0;0;0;0;0;0;0;0;0;0;0;36;370;1361;4351;9845;14886;18257;16306;124;0;0;0;0;0;0;0;0;0;0;0;0;0;0;0;0;0;0;0;0;0;27;365;1443;4770;11025;17907;21915;8082;2;0;0;0;0;0;0;firenze
0;0;0;0;0;0;0;0;0;0;0;0;0;0;0;0;0;0;0;2;52;309;1653;3766;7239;11360;15474;20519;5162;0;0;0;0;0;0;0;0;0;0;0;0;0;0;0;0;0;0;0;0;0;23;147;961;3211;6331;10450;15720;19848;8837;8;0;0;0;0;0;0;0;0;0;0;0;0;0;0;0;0;0;0;0;0;7;108;833;3290;6862;11893;18945;20888;2710;0;0;0;0;0;0;0;firenze
0;0;0;0;0;0;0;0;0;0;0;0;0;0;0;0;0;0;0;1;58;298;1633;3786;7186;11414;15099;19602;6459;0;0;0;0;0;0;0;0;0;0;0;0;0;0;0;0;0;0;0;0;0;22;144;936;3198;6118;10622;15832;19465;9196;3;0;0;0;0;0;0;0;0;0;0;0;0;0;0;0;0;0;0;0;0;11;123;881;3266;6572;11877;18647;21764;2395;0;0;0;0;0;0;0;firenze
0;0;0;0;0;0;0;0;0;0;0;0;0;0;0;0;0;0;0;1;61;354;1401;4455;11118;16459;19869;11737;81;0;0;0;0;0;0;0;0;0;0;0;0;0;0;0;0;0;0;0;0;0;14;204;839;2998;8588;16317;20238;15801;537;0;0;0;0;0;0;0;0;0;0;0;0;0;0;0;0;0;0;0;0;0;3;136;692;3086;8693;18090;24092;10719;25;0;0;0;0;0;0;0;firenze
0;0;0;0;0;0;0;0;0;0;0;0;0;0;0;0;0;0;0;1;64;322;1327;4333;11030;16377;19576;12284;222;0;0;0;0;0;0;0;0;0;0;0;0;0;0;0;0;0;0;0;0;0;15;203;810;2947;8672;16545;20493;15170;681;0;0;0;0;0;0;0;0;0;0;0;0;0;0;0;0;0;0;0;0;0;4;142;728;3036;8847;17968;23110;11601;100;0;0;0;0;0;0;0;firenze
0;0;218;10235;27162;19249;6897;1511;238;22;4;0;0;0;0;0;0;0;0;0;0;0;0;0;0;0;0;0;0;0;0;0;0;0;533;11325;26656;19275;6366;1235;133;13;0;0;0;0;0;0;0;0;0;0;0;0;0;0;0;0;0;0;0;0;0;0;0;0;231;6027;20583;24656;11955;2000;84;0;0;0;0;0;0;0;0;0;0;0;0;0;0;0;0;0;0;0;0;0;0;0;lima
0;2;707;9905;25860;20603;7023;1289;132;13;2;0;0;0;0;0;0;0;0;0;0;0;0;0;0;0;0;0;0;0;0;0;0;3;907;11018;26263;19653;6412;1141;124;13;2;0;0;0;0;0;0;0;0;0;0;0;0;0;0;0;0;0;0;0;0;0;0;0;216;4839;20812;25168;11634;2511;323;30;3;0;0;0;0;0;0;0;0;0;0;0;0;0;0;0;0;0;0;0;0;0;lima
0;0;966;15289;27676;15758;4804;919;113;9;2;0;0;0;0;0;0;0;0;0;0;0;0;0;0;0;0;0;0;0;0;0;0;2;1868;16483;26826;15293;4334;653;71;5;1;0;0;0;0;0;0;0;0;0;0;0;0;0;0;0;0;0;0;0;0;0;0;3;971;10456;23660;21509;8057;859;21;0;0;0;0;0;0;0;0;0;0;0;0;0;0;0;0;0;0;0;0;0;0;0;lima
0;29;1845;14548;26944;16768;4634;692;70;6;0;0;0;0;0;0;0;0;0;0;0;0;0;0;0;0;0;0;0;0;0;0;0;34;2020;15144;26908;16270;4421;668;65;6;0;0;0;0;0;0;0;0;0;0;0;0;0;0;0;0;0;0;0;0;0;0;0;8;800;9613;25397;21029;7241;1288;146;13;1;0;0;0;0;0;0;0;0;0;0;0;0;0;0;0;0;0;0;0;0;0;lima
0;0;840;15326;28322;15623;4478;832;103;12;0;0;0;0;0;0;0;0;0;0;0;0;0;0;0;0;0;0;0;0;0;0;0;1;1660;16603;27526;15113;3986;586;55;6;0;0;0;0;0;0;0;0;0;0;0;0;0;0;0;0;0;0;0;0;0;0;0;2;877;10080;24163;21930;7706;763;15;0;0;0;0;0;0;0;0;0;0;0;0;0;0;0;0;0;0;0;0;0;0;0;lima
0;11;1664;14649;27668;16527;4347;603;65;2;0;0;0;0;0;0;0;0;0;0;0;0;0;0;0;0;0;0;0;0;0;0;0;14;1887;15392;27664;15861;4088;565;63;2;0;0;0;0;0;0;0;0;0;0;0;0;0;0;0;0;0;0;0;0;0;0;0;2;602;9105;25696;21579;7201;1220;124;7;0;0;0;0;0;0;0;0;0;0;0;0;0;0;0;0;0;0;0;0;0;0;lima
0;0;933;15102;27320;16079;5000;955;134;12;1;0;0;0;0;0;0;0;0;0;0;0;0;0;0;0;0;0;0;0;0;0;0;1;1799;16228;26596;15669;4449;707;80;7;0;0;0;0;0;0;0;0;0;0;0;0;0;0;0;0;0;0;0;0;0;0;0;2;963;10083;23444;21829;8267;920;28;0;0;0;0;0;0;0;0;0;0;0;0;0;0;0;0;0;0;0;0;0;0;0;lima
0;28;1702;14440;26818;16954;4784;727;78;5;0;0;0;0;0;0;0;0;0;0;0;0;0;0;0;0;0;0;0;0;0;0;0;36;1949;15110;26796;16353;4533;679;75;5;0;0;0;0;0;0;0;0;0;0;0;0;0;0;0;0;0;0;0;0;0;0;0;7;725;9192;24869;21540;7634;1403;156;10;0;0;0;0;0;0;0;0;0;0;0;0;0;0;0;0;0;0;0;0;0;0;lima
0;0;958;15516;27435;15784;4823;909;104;7;0;0;0;0;0;0;0;0;0;0;0;0;0;0;0;0;0;0;0;0;0;0;0;1;1803;16394;26665;15615;4319;668;67;4;0;0;0;0;0;0;0;0;0;0;0;0;0;0;0;0;0;0;0;0;0;0;0;0;951;10168;23404;22026;8079;879;29;0;0;0;0;0;0;0;0;0;0;0;0;0;0;0;0;0;0;0;0;0;0;0;lima
0;32;1719;14498;26920;16986;4618;695;64;4;0;0;0;0;0;0;0;0;0;0;0;0;0;0;0;0;0;0;0;0;0;0;0;39;1947;15261;26879;16381;4315;650;61;3;0;0;0;0;0;0;0;0;0;0;0;0;0;0;0;0;0;0;0;0;0;0;0;9;719;9143;25003;21625;7532;1354;138;13;0;0;0;0;0;0;0;0;0;0;0;0;0;0;0;0;0;0;0;0;0;0;lima
0;0;937;15303;27421;15963;4899;883;123;6;1;0;0;0;0;0;0;0;0;0;0;0;0;0;0;0;0;0;0;0;0;0;0;0;1789;16070;26842;15703;4400;661;66;4;1;0;0;0;0;0;0;0;0;0;0;0;0;0;0;0;0;0;0;0;0;0;0;2;922;9990;23786;21755;8182;884;15;0;0;0;0;0;0;0;0;0;0;0;0;0;0;0;0;0;0;0;0;0;0;0;lima
0;27;1730;14177;27158;16954;4739;698;48;4;1;0;0;0;0;0;0;0;0;0;0;0;0;0;0;0;0;0;0;0;0;0;0;33;1900;14837;27121;16449;4484;662;45;4;1;0;0;0;0;0;0;0;0;0;0;0;0;0;0;0;0;0;0;0;0;0;0;7;730;9137;25004;21608;7558;1346;137;8;1;0;0;0;0;0;0;0;0;0;0;0;0;0;0;0;0;0;0;0;0;0;lima
0;0;696;15493;28387;15519;4490;832;107;11;1;0;0;0;0;0;0;0;0;0;0;0;0;0;0;0;0;0;0;0;0;0;0;0;1595;16794;27549;15016;3913;603;61;5;0;0;0;0;0;0;0;0;0;0;0;0;0;0;0;0;0;0;0;0;0;0;0;0;839;10076;24473;21790;7597;746;15;0;0;0;0;0;0;0;0;0;0;0;0;0;0;0;0;0;0;0;0;0;0;0;lima
0;19;1556;14683;27876;16465;4248;630;53;5;1;0;0;0;0;0;0;0;0;0;0;0;0;0;0;0;0;0;0;0;0;0;0;25;1751;15478;27720;15860;4061;583;52;5;1;0;0;0;0;0;0;0;0;0;0;0;0;0;0;0;0;0;0;0;0;0;0;1;610;9160;26012;21510;6936;1185;113;8;1;0;0;0;0;0;0;0;0;0;0;0;0;0;0;0;0;0;0;0;0;0;lima
0;0;789;15672;28620;15308;4269;788;81;8;1;0;0;0;0;0;0;0;0;0;0;0;0;0;0;0;0;0;0;0;0;0;0;0;1711;17105;27875;14574;3700;520;49;2;0;0;0;0;0;0;0;0;0;0;0;0;0;0;0;0;0;0;0;0;0;0;0;0;810;10233;24975;21498;7337;669;14;0;0;0;0;0;0;0;0;0;0;0;0;0;0;0;0;0;0;0;0;0;0;0;lima
0;17;1666;14872;28274;16203;3925;533;44;1;1;0;0;0;0;0;0;0;0;0;0;0;0;0;0;0;0;0;0;0;0;0;0;23;1897;15617;28120;15616;3723;495;43;1;1;0;0;0;0;0;0;0;0;0;0;0;0;0;0;0;0;0;0;0;0;0;0;3;619;9329;26405;21329;6667;1086;91;5;2;0;0;0;0;0;0;0;0;0;0;0;0;0;0;0;0;0;0;0;0;0;lima
0;1;679;15029;28454;16071;4367;847;78;10;0;0;0;0;0;0;0;0;0;0;0;0;0;0;0;0;0;0;0;0;0;0;0;2;1488;16546;27606;15422;3837;591;43;1;0;0;0;0;0;0;0;0;0;0;0;0;0;0;0;0;0;0;0;0;0;0;0;2;713;9762;24363;22133;7792;751;20;0;0;0;0;0;0;0;0;0;0;0;0;0;0;0;0;0;0;0;0;0;0;0;lima
0;16;1444;14382;27972;16807;4290;584;40;1;0;0;0;0;0;0;0;0;0;0;0;0;0;0;0;0;0;0;0;0;0;0;0;24;1659;15228;27928;16130;3986;543;38;0;0;0;0;0;0;0;0;0;0;0;0;0;0;0;0;0;0;0;0;0;0;0;0;2;535;8800;25804;21941;7196;1148;105;5;0;0;0;0;0;0;0;0;0;0;0;0;0;0;0;0;0;0;0;0;0;0;lima
0;0;503;13525;27953;16825;5444;1117;148;19;2;0;0;0;0;0;0;0;0;0;0;0;0;0;0;0;0;0;0;0;0;0;0;0;1220;15130;27145;16349;4800;805;78;9;0;0;0;0;0;0;0;0;0;0;0;0;0;0;0;0;0;0;0;0;0;0;0;0;594;8723;23232;22733;9103;1113;37;1;0;0;0;0;0;0;0;0;0;0;0;0;0;0;0;0;0;0;0;0;0;0;lima
0;11;1288;13147;27078;17798;5286;847;73;8;0;0;0;0;0;0;0;0;0;0;0;0;0;0;0;0;0;0;0;0;0;0;0;13;1465;13975;27164;17116;4944;785;66;8;0;0;0;0;0;0;0;0;0;0;0;0;0;0;0;0;0;0;0;0;0;0;0;1;516;7695;24440;22622;8489;1602;155;16;0;0;0;0;0;0;0;0;0;0;0;0;0;0;0;0;0;0;0;0;0;0;lima
0;0;821;15283;28296;15669;4534;819;102;11;1;0;0;0;0;0;0;0;0;0;0;0;0;0;0;0;0;0;0;0;0;0;0;2;1652;16505;27446;15196;4078;595;58;4;0;0;0;0;0;0;0;0;0;0;0;0;0;0;0;0;0;0;0;0;0;0;0;2;880;10232;24267;21763;7613;759;20;0;0;0;0;0;0;0;0;0;0;0;0;0;0;0;0;0;0;0;0;0;0;0;lima
0;17;1617;14705;27668;16413;4423;631;58;4;0;0;0;0;0;0;0;0;0;0;0;0;0;0;0;0;0;0;0;0;0;0;0;19;1831;15393;27564;15876;4191;607;52;3;0;0;0;0;0;0;0;0;0;0;0;0;0;0;0;0;0;0;0;0;0;0;0;3;650;9260;25965;21317;7042;1170;121;8;0;0;0;0;0;0;0;0;0;0;0;0;0;0;0;0;0;0;0;0;0;0;lima
0;0;0;0;0;0;0;0;0;0;0;0;0;0;0;0;0;6;46;137;260;551;1644;6789;16077;21638;12957;4389;810;195;35;0;0;0;0;0;0;0;0;0;0;0;0;0;0;0;6;55;231;458;1560;7623;19861;22022;9901;2920;637;195;52;15;0;0;0;0;0;0;0;0;0;0;0;0;0;5;119;406;1624;9658;20838;20658;8591;2536;690;269;94;32;11;5;0;0;0;0;0;0;0;0;marfil
0;0;0;0;0;0;0;0;0;0;0;0;0;0;0;0;0;0;25;82;237;455;1636;7213;16861;21508;12256;4105;865;229;49;0;0;0;0;0;0;0;0;0;0;0;0;0;0;0;11;58;229;444;1589;7784;19674;21819;10120;2925;638;191;42;12;0;0;0;0;0;0;0;0;0;0;0;0;7;47;223;467;1687;9245;19972;21346;8924;2683;623;222;62;21;7;0;0;0;0;0;0;0;0;0;marfil
0;0;0;0;0;0;0;0;0;0;0;0;0;0;0;0;2;2;22;66;169;519;2366;6259;11619;15681;16308;9703;2376;349;89;0;0;0;0;0;0;0;0;0;0;0;0;0;0;2;2;45;158;537;2802;7902;14763;17954;13951;5846;1245;238;64;25;2;0;0;0;0;0;0;0;0;0;0;0;1;19;132;678;3837;11193;16388;18181;10484;3557;756;196;85;23;6;0;0;0;0;0;0;0;0;0;marfil
0;0;0;0;0;0;0;0;0;0;0;0;0;0;0;0;0;3;17;46;121;509;2483;6596;11987;15407;15701;9502;2591;432;105;0;0;0;0;0;0;0;0;0;0;0;0;0;0;1;5;47;140;554;2826;7888;14677;17882;14258;5765;1173;230;67;22;1;0;0;0;0;0;0;0;0;0;0;2;5;52;171;720;3688;10654;15970;19249;10987;3262;551;167;47;10;1;0;0;0;0;0;0;0;0;0;marfil
0;0;0;0;0;0;0;0;0;0;0;0;0;0;0;0;0;2;29;75;197;450;1510;4962;10602;17930;18688;8059;2333;584;109;0;0;0;0;0;0;0;0;0;0;0;0;0;0;0;12;49;182;485;1727;6290;14314;21101;13963;5110;1706;471;103;19;4;0;0;0;0;0;0;0;0;0;0;0;0;25;152;578;2542;10681;17314;18962;9670;3712;1304;424;134;32;6;0;0;0;0;0;0;0;0;0;marfil
0;0;0;0;0;0;0;0;0;0;0;0;0;0;0;0;0;0;14;48;160;440;1629;5178;10943;17826;18004;7965;2494;678;122;0;0;0;0;0;0;0;0;0;0;0;0;0;0;1;14;58;153;471;1766;6247;14255;21027;14163;5130;1674;465;91;20;1;0;0;0;0;0;0;0;0;0;0;1;15;83;198;583;2441;10020;17083;19827;9949;3686;1218;341;81;10;0;0;0;0;0;0;0;0;0;0;marfil
0;0;0;0;0;0;0;0;0;0;0;0;0;0;0;0;0;0;8;65;183;682;2384;6838;14928;20394;12013;5595;1711;485;216;0;0;0;0;0;0;0;0;0;0;0;0;0;0;0;1;39;165;690;2813;9043;20278;18034;8976;3617;1240;390;172;69;9;0;0;0;0;0;0;0;0;0;0;0;0;13;152;833;4486;16559;20211;13331;5995;2417;929;369;148;74;19;0;0;0;0;0;0;0;0;0;marfil
0;0;0;0;0;0;0;0;0;0;0;0;0;0;0;0;0;0;1;34;152;661;2398;7368;15291;19626;11828;5612;1745;532;186;0;0;0;0;0;0;0;0;0;0;0;0;0;0;0;3;38;159;701;2742;9031;20059;18289;9042;3663;1181;396;165;63;4;0;0;0;0;0;0;0;0;0;0;0;6;72;174;938;4164;15857;20321;14122;6183;2376;835;309;139;38;2;0;0;0;0;0;0;0;0;0;marfil
0;0;0;0;0;0;0;0;0;0;0;0;0;0;0;0;1;6;22;52;106;290;1259;5482;13538;22695;17004;3976;673;263;139;0;0;0;0;0;0;0;0;0;0;0;0;0;0;2;12;36;98;297;1411;7250;18998;23682;10705;2061;523;253;131;68;9;0;0;0;0;0;0;0;0;0;0;0;4;24;87;350;2239;12491;23360;19182;5662;1242;410;233;149;71;30;2;0;0;0;0;0;0;0;0;marfil
0;0;0;0;0;0;0;0;0;0;0;0;0;0;0;0;0;2;12;43;85;259;1201;5795;14298;22367;16086;4148;773;260;121;0;0;0;0;0;0;0;0;0;0;0;0;0;0;2;12;42;99;275;1435;7179;18806;23651;11032;2085;502;228;121;63;4;0;0;0;0;0;0;0;0;0;0;4;14;47;119;404;2175;11465;23238;20635;5609;1069;368;209;125;51;4;0;0;0;0;0;0;0;0;0;marfil
0;0;0;0;0;0;0;0;0;0;0;0;0;0;0;0;0;0;5;20;90;262;798;2900;8412;14970;18425;12963;4920;1354;377;0;0;0;0;0;0;0;0;0;0;0;0;0;0;0;0;15;84;332;1123;4337;10788;17234;17155;9484;3502;1039;325;104;14;0;0;0;0;0;0;0;0;0;0;0;0;6;79;417;1762;6822;12438;18147;14744;7223;2523;834;372;129;39;1;0;0;0;0;0;0;0;0;marfil
0;0;0;0;0;0;0;0;0;0;0;0;0;0;0;0;0;0;0;15;59;241;809;3151;8629;15116;17889;12448;5107;1544;377;0;0;0;0;0;0;0;0;0;0;0;0;0;0;0;1;18;81;332;1085;4435;10638;17386;17186;9559;3395;1012;317;81;10;0;0;0;0;0;0;0;0;0;0;0;2;25;114;441;1622;6342;12073;18654;15421;7286;2419;777;256;90;14;0;0;0;0;0;0;0;0;0;marfil
0;0;0;0;0;0;0;0;0;0;0;0;0;0;0;0;1;6;29;47;95;250;1040;4907;12884;22938;17774;4347;739;265;175;0;0;0;0;0;0;0;0;0;0;0;0;0;0;4;18;43;95;319;1510;7747;20696;23501;8942;1705;510;224;134;70;18;0;0;0;0;0;0;0;0;0;0;0;7;34;96;382;2466;13983;24214;17613;4764;1092;394;215;148;88;34;6;0;0;0;0;0;0;0;0;marfil
0;0;0;0;0;0;0;0;0;0;0;0;0;0;0;0;0;3;14;44;76;219;1006;5314;13641;22489;16930;4461;825;274;137;0;0;0;0;0;0;0;0;0;0;0;0;0;0;7;18;45;91;305;1465;7718;20240;23885;9180;1647;535;195;135;59;10;1;0;0;0;0;0;0;0;0;0;7;21;57;110;473;2465;12920;23759;19213;4748;985;383;199;131;51;13;1;0;0;0;0;0;0;0;0;marfil
0;0;0;0;0;0;0;0;0;0;0;0;0;0;0;0;0;0;31;66;124;254;740;3895;11020;15146;16743;11499;4530;1154;304;0;0;0;0;0;0;0;0;0;0;0;0;0;0;0;6;55;117;304;984;5628;14460;17847;14375;7824;2825;805;238;59;9;0;0;0;0;0;0;0;0;0;0;0;0;15;146;346;1782;9405;16155;17348;11769;5621;2020;593;235;81;17;3;0;0;0;0;0;0;0;0;marfil
0;0;0;0;0;0;0;0;0;0;0;0;0;0;0;0;0;0;13;53;100;250;749;4176;11358;14954;16373;11119;4683;1291;302;0;0;0;0;0;0;0;0;0;0;0;0;0;0;0;9;69;105;286;1041;5612;14358;17924;14433;7868;2788;774;216;48;5;0;0;0;0;0;0;0;0;0;0;1;10;66;146;376;1669;8778;15921;18082;12070;5749;1925;519;186;35;3;0;0;0;0;0;0;0;0;0;marfil
0;0;0;0;0;0;0;0;0;0;0;0;0;0;0;0;4;10;23;50;124;315;1109;4871;13189;23880;17342;3585;626;254;132;0;0;0;0;0;0;0;0;0;0;0;0;0;0;9;16;44;127;327;1351;6888;20123;24357;9552;1871;463;228;110;57;13;0;0;0;0;0;0;0;0;0;0;0;13;26;135;438;2225;13397;24230;17879;5221;1166;387;191;129;67;31;1;0;0;0;0;0;0;0;0;marfil
0;0;0;0;0;0;0;0;0;0;0;0;0;0;0;0;0;9;14;37;107;291;1093;5109;13971;23705;16183;3903;644;278;113;0;0;0;0;0;0;0;0;0;0;0;0;0;0;12;13;45;122;330;1322;6885;19874;24489;9758;1877;423;218;110;50;8;0;0;0;0;0;0;0;0;0;0;10;19;51;151;484;2198;12126;24133;19471;5250;1001;309;200;85;43;5;0;0;0;0;0;0;0;0;0;marfil
0;0;0;0;0;0;0;0;0;0;0;0;0;0;0;0;0;1;11;36;111;262;1236;4999;11937;16661;16336;9723;3239;768;200;0;0;0;0;0;0;0;0;0;0;0;0;0;0;0;3;23;106;283;1498;6671;14879;18287;13871;6804;2260;613;187;44;7;0;0;0;0;0;0;0;0;0;0;0;0;12;92;379;2403;10487;16523;17263;11115;4809;1664;524;186;67;11;1;0;0;0;0;0;0;0;0;marfil
0;0;0;0;0;0;0;0;0;0;0;0;0;0;0;0;0;0;5;17;85;231;1292;5427;12455;16418;15754;9327;3378;864;216;0;0;0;0;0;0;0;0;0;0;0;0;0;0;0;3;22;106;260;1556;6586;14725;18622;13648;6966;2267;564;169;37;5;0;0;0;0;0;0;0;0;0;0;0;8;37;145;370;2282;9973;16006;18132;11587;4889;1527;416;129;34;1;0;0;0;0;0;0;0;0;0;marfil
0;0;0;0;0;0;0;0;0;0;0;0;0;0;0;0;0;0;8;38;138;382;1034;3924;12121;20558;18027;7389;1346;354;187;0;0;0;0;0;0;0;0;0;0;0;0;0;0;0;2;29;123;435;1470;5674;16793;22914;12937;3816;854;267;138;64;19;1;0;0;0;0;0;0;0;0;0;0;0;15;119;514;2235;9494;20605;20738;8556;2162;627;239;124;68;37;3;0;0;0;0;0;0;0;0;marfil
0;0;0;0;0;0;0;0;0;0;0;0;0;0;0;0;0;0;1;25;103;354;1049;4239;12535;20147;17527;7318;1585;393;159;0;0;0;0;0;0;0;0;0;0;0;0;0;0;0;2;32;128;453;1385;5797;16661;22911;13151;3778;801;236;142;47;11;1;0;0;0;0;0;0;0;0;0;0;5;38;170;574;2187;8897;19790;22107;8900;2027;485;196;109;46;5;0;0;0;0;0;0;0;0;0;marfil
0;0;0;0;0;0;0;0;0;0;0;0;0;0;0;0;0;1;256;7167;26213;25333;6524;42;0;0;0;0;0;0;0;0;0;0;0;0;0;0;0;0;0;0;0;0;0;0;0;0;0;0;1;38;3220;22568;31616;8065;28;0;0;0;0;0;0;0;0;0;0;0;0;0;0;0;0;0;0;0;0;0;0;93;7120;31336;25151;1836;0;0;0;0;0;0;0;0;0;0;0;0;mediterranea
0;0;0;0;0;0;0;0;0;0;0;0;0;0;0;0;0;0;169;6791;26446;24603;7472;55;0;0;0;0;0;0;0;0;0;0;0;0;0;0;0;0;0;0;0;0;0;0;0;0;0;0;0;52;3027;21957;33002;7480;18;0;0;0;0;0;0;0;0;0;0;0;0;0;0;0;0;0;0;0;0;0;0;79;6804;30608;25287;2758;0;0;0;0;0;0;0;0;0;0;0;0;mediterranea
0;0;0;0;0;0;0;0;0;0;0;0;0;0;0;0;0;34;1520;10840;26004;24392;2742;4;0;0;0;0;0;0;0;0;0;0;0;0;0;0;0;0;0;0;0;0;0;0;0;0;0;0;0;380;6995;25477;29054;3621;9;0;0;0;0;0;0;0;0;0;0;0;0;0;0;0;0;0;0;0;0;0;2;1043;11270;31692;20784;745;0;0;0;0;0;0;0;0;0;0;0;0;mediterranea
0;0;0;0;0;0;0;0;0;0;0;0;0;0;0;0;0;4;1299;10909;25400;25400;2519;5;0;0;0;0;0;0;0;0;0;0;0;0;0;0;0;0;0;0;0;0;0;0;0;0;0;0;0;412;6862;25347;29272;3634;9;0;0;0;0;0;0;0;0;0;0;0;0;0;0;0;0;0;0;0;0;0;1;1019;11225;30797;21539;955;0;0;0;0;0;0;0;0;0;0;0;0;mediterranea
0;0;0;0;0;0;0;0;0;0;0;0;0;0;0;0;0;26;2130;14219;28845;19150;1162;4;0;0;0;0;0;0;0;0;0;0;0;0;0;0;0;0;0;0;0;0;0;0;0;0;0;0;0;385;8621;25930;27406;3188;6;0;0;0;0;0;0;0;0;0;0;0;0;0;0;0;0;0;0;0;0;0;0;1203;13753;32539;17604;426;7;4;0;0;0;0;0;0;0;0;0;0;mediterranea
0;0;0;0;0;0;0;0;0;0;0;0;0;0;0;0;0;9;1726;14373;29412;18929;1084;3;0;0;0;0;0;0;0;0;0;0;0;0;0;0;0;0;0;0;0;0;0;0;0;0;0;0;0;412;8501;25199;27815;3595;14;0;0;0;0;0;0;0;0;0;0;0;0;0;0;0;0;0;0;0;0;0;0;1221;13872;31523;18289;625;6;0;0;0;0;0;0;0;0;0;0;0;mediterranea
0;0;0;0;0;0;0;0;0;0;0;0;0;0;0;0;0;1;382;8400;27407;24680;4653;13;0;0;0;0;0;0;0;0;0;0;0;0;0;0;0;0;0;0;0;0;0;0;0;0;0;0;0;28;4346;25484;29967;5704;7;0;0;0;0;0;0;0;0;0;0;0;0;0;0;0;0;0;0;0;0;0;0;168;8236;32660;23568;903;1;0;0;0;0;0;0;0;0;0;0;0;mediterranea
0;0;0;0;0;0;0;0;0;0;0;0;0;0;0;0;0;0;262;7962;27744;25093;4471;4;0;0;0;0;0;0;0;0;0;0;0;0;0;0;0;0;0;0;0;0;0;0;0;0;0;0;0;45;4271;24989;30653;5569;9;0;0;0;0;0;0;0;0;0;0;0;0;0;0;0;0;0;0;0;0;0;0;161;8215;31598;24192;1370;0;0;0;0;0;0;0;0;0;0;0;0;mediterranea
0;0;0;0;0;0;0;0;0;0;0;0;0;0;0;0;0;138;2888;10395;22800;26379;2926;10;0;0;0;0;0;0;0;0;0;0;0;0;0;0;0;0;0;0;0;0;0;0;0;0;0;0;0;1047;7463;21977;30237;4812;0;0;0;0;0;0;0;0;0;0;0;0;0;0;0;0;0;0;0;0;0;0;36;1938;10758;28341;23766;697;0;0;0;0;0;0;0;0;0;0;0;0;mediterranea
0;0;0;0;0;0;0;0;0;0;0;0;0;0;0;0;0;149;2554;10243;22712;27570;2305;3;0;0;0;0;0;0;0;0;0;0;0;0;0;0;0;0;0;0;0;0;0;0;0;0;0;0;2;1108;7442;21514;30629;4838;3;0;0;0;0;0;0;0;0;0;0;0;0;0;0;0;0;0;0;0;0;0;41;2060;10672;27309;24608;846;0;0;0;0;0;0;0;0;0;0;0;0;mediterranea
0;0;0;0;0;0;0;0;0;0;0;0;0;0;0;0;0;138;2335;15009;24976;19355;3667;56;0;0;0;0;0;0;0;0;0;0;0;0;0;0;0;0;0;0;0;0;0;0;0;0;0;0;1;578;9514;26558;21775;7063;47;0;0;0;0;0;0;0;0;0;0;0;0;0;0;0;0;0;0;0;0;0;31;1244;14216;28852;19429;1763;1;0;0;0;0;0;0;0;0;0;0;0;mediterranea
0;0;0;0;0;0;0;0;0;0;0;0;0;0;0;0;0;111;2165;15210;25492;19202;3264;92;0;0;0;0;0;0;0;0;0;0;0;0;0;0;0;0;0;0;0;0;0;0;0;0;0;0;7;618;9356;25997;22308;7204;46;0;0;0;0;0;0;0;0;0;0;0;0;0;0;0;0;0;0;0;0;0;25;1236;14462;28235;19524;2054;0;0;0;0;0;0;0;0;0;0;0;0;mediterranea
0;0;0;0;0;0;0;0;0;0;0;0;0;0;0;0;0;37;2154;12857;26660;21419;2408;1;0;0;0;0;0;0;0;0;0;0;0;0;0;0;0;0;0;0;0;0;0;0;0;0;0;0;0;518;7545;26826;25638;5000;9;0;0;0;0;0;0;0;0;0;0;0;0;0;0;0;0;0;0;0;0;0;10;1392;11714;30133;21260;1027;0;0;0;0;0;0;0;0;0;0;0;0;mediterranea
0;0;0;0;0;0;0;0;0;0;0;0;0;0;0;0;0;17;1913;12868;26999;21530;2209;0;0;0;0;0;0;0;0;0;0;0;0;0;0;0;0;0;0;0;0;0;0;0;0;0;0;0;0;586;7628;26013;25709;5592;8;0;0;0;0;0;0;0;0;0;0;0;0;0;0;0;0;0;0;0;0;0;3;1382;11623;29889;21352;1287;0;0;0;0;0;0;0;0;0;0;0;0;mediterranea
0;0;0;0;0;0;0;0;0;0;0;0;0;0;0;0;0;2;1018;11565;28321;21890;2664;28;15;33;0;0;0;0;0;0;0;0;0;0;0;0;0;0;0;0;0;0;0;0;0;0;0;0;5;138;6437;26559;27736;4584;30;25;22;0;0;0;0;0;0;0;0;0;0;0;0;0;0;0;0;0;0;0;0;534;10610;31542;21726;1043;23;27;31;0;0;0;0;0;0;0;0;0;mediterranea
0;0;0;0;0;0;0;0;0;0;0;0;0;0;0;0;0;0;726;11504;28688;21993;2538;34;15;38;0;0;0;0;0;0;0;0;0;0;0;0;0;0;0;0;0;0;0;0;0;0;0;0;0;176;6417;25604;28286;4975;29;28;21;0;0;0;0;0;0;0;0;0;0;0;0;0;0;0;0;0;0;0;0;478;10756;31389;21591;1261;8;22;31;0;0;0;0;0;0;0;0;0;mediterranea
0;0;0;0;0;0;0;0;0;0;0;0;0;0;0;0;0;32;835;6781;33641;23568;679;0;0;0;0;0;0;0;0;0;0;0;0;0;0;0;0;0;0;0;0;0;0;0;0;0;0;0;0;225;3983;24372;35056;1900;0;0;0;0;0;0;0;0;0;0;0;0;0;0;0;0;0;0;0;0;0;0;13;497;5903;37300;21550;273;0;0;0;0;0;0;0;0;0;0;0;0;mediterranea
0;0;0;0;0;0;0;0;0;0;0;0;0;0;0;0;0;31;684;6401;34469;23540;411;0;0;0;0;0;0;0;0;0;0;0;0;0;0;0;0;0;0;0;0;0;0;0;0;0;0;0;0;288;3905;23280;35868;2195;0;0;0;0;0;0;0;0;0;0;0;0;0;0;0;0;0;0;0;0;0;0;6;460;5908;37441;21514;207;0;0;0;0;0;0;0;0;0;0;0;0;mediterranea
0;0;0;0;0;0;0;0;0;0;0;0;0;0;0;0;14;298;3700;9701;22623;26222;2972;6;0;0;0;0;0;0;0;0;0;0;0;0;0;0;0;0;0;0;0;0;0;0;0;0;0;0;31;1062;7913;19036;31664;5825;5;0;0;0;0;0;0;0;0;0;0;0;0;0;0;0;0;0;0;0;0;6;61;2415;9880;26622;25644;908;0;0;0;0;0;0;0;0;0;0;0;0;mediterranea
0;0;0;0;0;0;0;0;0;0;0;0;0;0;0;0;12;293;3367;9886;22645;26819;2506;8;0;0;0;0;0;0;0;0;0;0;0;0;0;0;0;0;0;0;0;0;0;0;0;0;0;0;28;1133;7932;18461;31536;6444;2;0;0;0;0;0;0;0;0;0;0;0;0;0;0;0;0;0;0;0;0;3;79;2307;10090;25735;26122;1200;0;0;0;0;0;0;0;0;0;0;0;0;mediterranea
0;0;0;0;0;0;0;0;0;0;0;0;0;0;0;0;0;162;2801;14643;25854;15831;6016;229;0;0;0;0;0;0;0;0;0;0;0;0;0;0;0;0;0;0;0;0;0;0;0;0;0;0;1;666;9141;27505;18994;8884;345;0;0;0;0;0;0;0;0;0;0;0;0;0;0;0;0;0;0;0;0;0;49;1966;14457;29249;16315;3499;1;0;0;0;0;0;0;0;0;0;0;0;mediterranea
0;0;0;0;0;0;0;0;0;0;0;0;0;0;0;0;0;167;2533;14486;27029;15504;5512;305;0;0;0;0;0;0;0;0;0;0;0;0;0;0;0;0;0;0;0;0;0;0;0;0;0;0;1;691;9025;26773;19517;9281;248;0;0;0;0;0;0;0;0;0;0;0;0;0;0;0;0;0;0;0;0;0;46;1902;14442;28924;15842;4379;1;0;0;0;0;0;0;0;0;0;0;0;mediterranea
0;0;0;0;0;0;0;0;0;168;1345;3709;9159;13177;12082;12737;8391;3565;1057;124;22;0;0;0;0;0;0;0;0;0;0;0;0;0;0;0;0;0;0;0;0;0;79;1108;3499;8868;12412;14904;13669;7809;2635;504;43;6;0;0;0;0;0;0;0;0;0;0;0;0;0;0;0;0;0;0;0;0;0;0;2;334;1616;5002;11760;15816;15960;10956;3564;496;29;1;0;0;0;0;0;0;0;0;venice
0;0;0;0;0;0;0;0;2;137;1202;3522;8548;13597;12590;13210;8463;3251;883;111;19;1;0;0;0;0;0;0;0;0;0;0;0;0;0;0;0;0;0;0;0;0;103;1168;3635;8879;12324;14914;13576;7821;2534;527;51;4;0;0;0;0;0;0;0;0;0;0;0;0;0;0;0;0;0;0;0;0;0;0;26;376;1722;5550;11615;15608;15234;10686;3874;770;71;4;0;0;0;0;0;0;0;0;venice
0;0;0;0;0;0;0;21;233;824;3171;9960;17317;17678;10359;5670;275;28;0;0;0;0;0;0;0;0;0;0;0;0;0;0;0;0;0;0;0;0;0;0;4;140;655;3111;11228;19418;16956;11440;2456;125;3;0;0;0;0;0;0;0;0;0;0;0;0;0;0;0;0;0;0;0;0;0;0;0;0;2;85;731;3355;13750;22909;17092;7313;291;8;0;0;0;0;0;0;0;0;0;0;0;venice
0;0;0;0;0;0;0;12;154;689;2964;9940;17711;18560;10234;5027;232;13;0;0;0;0;0;0;0;0;0;0;0;0;0;0;0;0;0;0;0;0;0;0;7;129;704;3266;11707;19727;16194;11080;2609;111;2;0;0;0;0;0;0;0;0;0;0;0;0;0;0;0;0;0;0;0;0;0;0;0;0;10;157;950;3624;13929;21925;16886;7540;481;34;0;0;0;0;0;0;0;0;0;0;0;venice
0;0;0;0;0;0;0;13;216;816;3038;9551;17735;18620;10356;5042;126;21;2;0;0;0;0;0;0;0;0;0;0;0;0;0;0;0;0;0;0;0;0;0;3;111;629;2898;10551;20059;17795;11424;1999;59;8;0;0;0;0;0;0;0;0;0;0;0;0;0;0;0;0;0;0;0;0;0;0;0;0;2;81;688;3245;13543;23437;17811;6586;124;19;0;0;0;0;0;0;0;0;0;0;0;venice
0;0;0;0;0;0;0;6;148;673;2753;9571;18298;19469;10165;4308;131;14;0;0;0;0;0;0;0;0;0;0;0;0;0;0;0;0;0;0;0;0;0;0;2;101;656;3021;10983;20286;17197;11121;2107;59;3;0;0;0;0;0;0;0;0;0;0;0;0;0;0;0;0;0;0;0;0;0;0;0;0;5;136;882;3655;13775;22523;17226;7033;272;29;0;0;0;0;0;0;0;0;0;0;0;venice
0;0;0;0;0;0;1;68;445;1205;2850;7725;15118;17948;11892;7572;686;26;0;0;0;0;0;0;0;0;0;0;0;0;0;0;0;0;0;0;0;0;0;0;17;271;1010;2819;8439;17189;17826;13516;4277;172;0;0;0;0;0;0;0;0;0;0;0;0;0;0;0;0;0;0;0;0;0;0;0;0;0;6;197;918;3026;10146;21158;19677;9753;647;8;0;0;0;0;0;0;0;0;0;0;0;venice
0;0;0;0;0;0;0;51;333;1038;2712;7866;15323;18711;11852;7036;599;15;0;0;0;0;0;0;0;0;0;0;0;0;0;0;0;0;0;0;0;0;0;0;25;272;977;2876;8953;17451;17363;13248;4216;154;1;0;0;0;0;0;0;0;0;0;0;0;0;0;0;0;0;0;0;0;0;0;0;0;1;28;256;1135;3217;10345;20311;19252;9927;1045;19;0;0;0;0;0;0;0;0;0;0;0;venice
0;0;0;0;0;0;0;84;465;1391;4369;10352;15015;15783;10549;7095;408;25;0;0;0;0;0;0;0;0;0;0;0;0;0;0;0;0;0;0;0;0;0;0;31;319;1135;4431;11578;16735;15638;12148;3386;132;3;0;0;0;0;0;0;0;0;0;0;0;0;0;0;0;0;0;0;0;0;0;0;0;0;11;229;1098;4887;13165;19300;17596;8817;425;8;0;0;0;0;0;0;0;0;0;0;0;venice
0;0;0;0;0;0;0;63;374;1239;4080;10456;15471;16541;10433;6517;349;13;0;0;0;0;0;0;0;0;0;0;0;0;0;0;0;0;0;0;0;0;0;0;31;308;1159;4579;11818;17098;15133;11725;3555;128;2;0;0;0;0;0;0;0;0;0;0;0;0;0;0;0;0;0;0;0;0;0;0;0;0;24;281;1324;5039;13255;18772;17086;9085;652;18;0;0;0;0;0;0;0;0;0;0;0;venice
0;0;0;0;0;0;1;90;509;1268;3229;8046;15301;17976;11629;7320;165;2;0;0;0;0;0;0;0;0;0;0;0;0;0;0;0;0;0;0;0;0;0;0;27;299;1112;3203;8866;17519;17805;13157;3524;23;1;0;0;0;0;0;0;0;0;0;0;0;0;0;0;0;0;0;0;0;0;0;0;0;0;13;195;1054;3419;10647;21344;19398;9308;155;3;0;0;0;0;0;0;0;0;0;0;0;venice
0;0;0;0;0;0;1;74;369;1098;3054;8147;15717;18742;11561;6635;136;2;0;0;0;0;0;0;0;0;0;0;0;0;0;0;0;0;0;0;0;0;0;0;32;311;1102;3299;9306;17861;17080;12984;3529;32;0;0;0;0;0;0;0;0;0;0;0;0;0;0;0;0;0;0;0;0;0;0;0;0;0;25;300;1264;3680;10779;20539;19004;9515;425;5;0;0;0;0;0;0;0;0;0;0;0;venice
0;0;0;0;0;0;0;79;416;1273;4092;9944;15498;16555;10943;6480;245;11;0;0;0;0;0;0;0;0;0;0;0;0;0;0;0;0;0;0;0;0;0;0;22;289;1033;4132;11174;17420;16312;12109;2973;71;1;0;0;0;0;0;0;0;0;0;0;0;0;0;0;0;0;0;0;0;0;0;0;0;0;7;240;1039;4285;12901;20541;17736;8484;297;6;0;0;0;0;0;0;0;0;0;0;0;venice
0;0;0;0;0;0;0;60;341;1128;3746;10150;15783;17380;10832;5872;240;4;0;0;0;0;0;0;0;0;0;0;0;0;0;0;0;0;0;0;0;0;0;0;29;292;1069;4206;11559;17711;15744;11886;2983;55;2;0;0;0;0;0;0;0;0;0;0;0;0;0;0;0;0;0;0;0;0;0;0;0;1;29;298;1255;4370;12850;20015;17594;8605;508;11;0;0;0;0;0;0;0;0;0;0;0;venice
0;0;0;0;0;0;0;66;436;1209;2826;7944;15019;18438;11726;7481;384;7;0;0;0;0;0;0;0;0;0;0;0;0;0;0;0;0;0;0;0;0;0;0;24;254;1043;2811;8934;17336;18202;13049;3801;82;0;0;0;0;0;0;0;0;0;0;0;0;0;0;0;0;0;0;0;0;0;0;0;0;0;7;170;945;2977;10709;20983;19913;9472;357;3;0;0;0;0;0;0;0;0;0;0;0;venice
0;0;0;0;0;0;0;52;311;1035;2732;7973;15394;19032;11856;6817;331;3;0;0;0;0;0;0;0;0;0;0;0;0;0;0;0;0;0;0;0;0;0;0;31;262;1001;3026;9358;17554;17465;12994;3757;87;1;0;0;0;0;0;0;0;0;0;0;0;0;0;0;0;0;0;0;0;0;0;0;0;0;31;268;1059;3196;10755;20335;19573;9676;634;9;0;0;0;0;0;0;0;0;0;0;0;venice
0;0;0;0;0;0;0;30;329;1066;2637;7290;16042;18556;11882;7326;340;37;1;0;0;0;0;0;0;0;0;0;0;0;0;0;0;0;0;0;0;0;0;0;5;166;882;2661;8353;18595;18102;13548;3105;112;7;0;0;0;0;0;0;0;0;0;0;0;0;0;0;0;0;0;0;0;0;0;0;0;0;0;97;745;2564;9890;22656;19579;9572;415;18;0;0;0;0;0;0;0;0;0;0;0;venice
0;0;0;0;0;0;0;10;218;927;2452;7260;16449;19380;11904;6631;281;24;0;0;0;0;0;0;0;0;0;0;0;0;0;0;0;0;0;0;0;0;0;0;7;176;900;2756;8794;18776;17511;13336;3168;107;5;0;0;0;0;0;0;0;0;0;0;0;0;0;0;0;0;0;0;0;0;0;0;0;0;7;173;964;2814;10033;21850;19200;9766;692;37;0;0;0;0;0;0;0;0;0;0;0;venice
0;0;0;0;0;0;0;48;239;812;3145;9183;15758;17383;11679;6816;443;30;0;0;0;0;0;0;0;0;0;0;0;0;0;0;0;0;0;0;0;0;0;0;17;141;669;3046;10346;17813;17107;12657;3612;122;6;0;0;0;0;0;0;0;0;0;0;0;0;0;0;0;0;0;0;0;0;0;0;0;0;12;111;727;3080;12346;21245;18745;8780;475;15;0;0;0;0;0;0;0;0;0;0;0;venice
0;0;0;0;0;0;1;30;179;657;2888;9211;16035;18366;11673;6114;360;22;0;0;0;0;0;0;0;0;0;0;0;0;0;0;0;0;0;0;0;0;0;0;22;152;691;3130;10786;18123;16449;12408;3652;119;4;0;0;0;0;0;0;0;0;0;0;0;0;0;0;0;0;0;0;0;0;0;0;0;0;22;166;897;3346;12669;20274;18382;8993;761;26;0;0;0;0;0;0;0;0;0;0;0;venice
0;0;0;0;0;0;1;114;521;1483;4623;11482;16896;14884;9143;6058;313;18;0;0;0;0;0;0;0;0;0;0;0;0;0;0;0;0;0;0;0;0;0;0;44;338;1237;4584;12784;18909;13992;10620;2926;99;3;0;0;0;0;0;0;0;0;0;0;0;0;0;0;0;0;0;0;0;0;0;0;0;0;27;261;1270;5158;15052;21485;14258;7733;285;7;0;0;0;0;0;0;0;0;0;0;0;venice
0;0;0;0;0;0;1;86;435;1284;4415;11570;17529;15411;9011;5491;298;5;0;0;0;0;0;0;0;0;0;0;0;0;0;0;0;0;0;0;0;0;0;0;49;348;1257;4786;13048;19082;13575;10301;3000;90;0;0;0;0;0;0;0;0;0;0;0;0;0;0;0;0;0;0;0;0;0;0;0;0;2;48;341;1513;5461;15109;20378;14270;7858;541;15;0;0;0;0;0;0;0;0;0;0;0;venice
